prov,year,ldeaths,x1,x2,ltotpop,lurbpop,ydum2,ydum3,ydum4,ydum5,ydum6,ydum7,ydum8,ydum9,ydum10,ydum11,ydum12,ydum13,ydum14,ydum15,ydum16,ydum17,ydum18,ydum19,ydum20,ydum21,ydum22,ydum23,ydum24,ydum25,ydum26,ydum27,ydum28,ydum29,ydum30
110000,1954,5.7318273,0,-1.6692139,5.7862835,5.5510197,1,0,0,0,0,0,0,0,0,0,0,0,0,0,0,0,0,0,0,0,0,0,0,0,0,0,0,0,0
110000,1955,5.5355372,0,-1.5065823,5.7930136,5.5876231,0,1,0,0,0,0,0,0,0,0,0,0,0,0,0,0,0,0,0,0,0,0,0,0,0,0,0,0,0
110000,1956,5.7917933,0,2.3604791,5.9914646,5.7014465,0,0,1,0,0,0,0,0,0,0,0,0,0,0,0,0,0,0,0,0,0,0,0,0,0,0,0,0,0
110000,1957,6.0014148,0,2.2491002,6.2146082,5.7698822,0,0,0,1,0,0,0,0,0,0,0,0,0,0,0,0,0,0,0,0,0,0,0,0,0,0,0,0,0
110000,1958,6.4558287,4.3991132,0,6.4904199,5.8585043,0,0,0,0,1,0,0,0,0,0,0,0,0,0,0,0,0,0,0,0,0,0,0,0,0,0,0,0,0
110000,1959,6.4696903,4.3761621,0,6.5596151,6.0097957,0,0,0,0,0,1,0,0,0,0,0,0,0,0,0,0,0,0,0,0,0,0,0,0,0,0,0,0,0
110000,1960,6.6830707,4.3752151,0,6.6061096,6.1216154,0,0,0,0,0,0,1,0,0,0,0,0,0,0,0,0,0,0,0,0,0,0,0,0,0,0,0,0,0
110000,1961,6.4606996,0,4.4247828,6.591948,6.0725837,0,0,0,0,0,0,0,1,0,0,0,0,0,0,0,0,0,0,0,0,0,0,0,0,0,0,0,0,0
110000,1962,6.3865666,0,4.4942131,6.5960536,6.0416822,0,0,0,0,0,0,0,0,1,0,0,0,0,0,0,0,0,0,0,0,0,0,0,0,0,0,0,0,0
110000,1963,6.4432364,0,4.5413876,6.6331868,6.0709686,0,0,0,0,0,0,0,0,0,1,0,0,0,0,0,0,0,0,0,0,0,0,0,0,0,0,0,0,0
110000,1964,6.2614965,0,4.5740423,6.6545391,6.0926666,0,0,0,0,0,0,0,0,0,0,1,0,0,0,0,0,0,0,0,0,0,0,0,0,0,0,0,0,0
110000,1965,6.3453913,0,4.5964761,6.6683555,6.1043468,0,0,0,0,0,0,0,0,0,0,0,1,0,0,0,0,0,0,0,0,0,0,0,0,0,0,0,0,0
110000,1966,5.9826102,0,4.6283784,6.6618547,6.0723529,0,0,0,0,0,0,0,0,0,0,0,0,1,0,0,0,0,0,0,0,0,0,0,0,0,0,0,0,0
110000,1967,6.2870588,0,4.6520181,6.6801014,6.0851827,0,0,0,0,0,0,0,0,0,0,0,0,0,1,0,0,0,0,0,0,0,0,0,0,0,0,0,0,0
110000,1968,6.3755074,0,4.6824412,6.6779647,6.065412,0,0,0,0,0,0,0,0,0,0,0,0,0,0,1,0,0,0,0,0,0,0,0,0,0,0,0,0,0
110000,1969,6.2030745,0,4.720521,6.6587811,6.0061069,0,0,0,0,0,0,0,0,0,0,0,0,0,0,0,1,0,0,0,0,0,0,0,0,0,0,0,0,0
110000,1970,6.2185044,0,4.7427158,6.6647916,5.9991846,0,0,0,0,0,0,0,0,0,0,0,0,0,0,0,0,1,0,0,0,0,0,0,0,0,0,0,0,0
110000,1971,6.2868314,0,4.7546778,6.6813564,6.0183496,0,0,0,0,0,0,0,0,0,0,0,0,0,0,0,0,0,1,0,0,0,0,0,0,0,0,0,0,0
110000,1972,6.2050233,0,4.7529764,6.6960464,6.0440569,0,0,0,0,0,0,0,0,0,0,0,0,0,0,0,0,0,0,1,0,0,0,0,0,0,0,0,0,0
110000,1973,6.2417793,0,4.7809043,6.7165947,6.055378,0,0,0,0,0,0,0,0,0,0,0,0,0,0,0,0,0,0,0,1,0,0,0,0,0,0,0,0,0
110000,1974,6.3049374,0,4.786212,6.7295852,6.0707378,0,0,0,0,0,0,0,0,0,0,0,0,0,0,0,0,0,0,0,0,1,0,0,0,0,0,0,0,0
110000,1975,6.312448,0,4.781569,6.7386265,6.0928922,0,0,0,0,0,0,0,0,0,0,0,0,0,0,0,0,0,0,0,0,0,1,0,0,0,0,0,0,0
110000,1976,6.2630305,0,4.7878661,6.7394547,6.1025586,0,0,0,0,0,0,0,0,0,0,0,0,0,0,0,0,0,0,0,0,0,0,1,0,0,0,0,0,0
110000,1977,6.2664905,0,4.8003597,6.7575135,6.1154504,0,0,0,0,0,0,0,0,0,0,0,0,0,0,0,0,0,0,0,0,0,0,0,1,0,0,0,0,0
110000,1978,6.2459674,0,4.7918258,6.770216,6.1463294,0,0,0,0,0,0,0,0,0,0,0,0,0,0,0,0,0,0,0,0,0,0,0,0,1,0,0,0,0
110000,1979,6.337132,0,4.7675281,6.7991672,6.2049618,0,0,0,0,0,0,0,0,0,0,0,0,0,0,0,0,0,0,0,0,0,0,0,0,0,1,0,0,0
110000,1980,6.2996635,0,4.7671919,6.8071613,6.2351947,0,0,0,0,0,0,0,0,0,0,0,0,0,0,0,0,0,0,0,0,0,0,0,0,0,0,1,0,0
110000,1981,6.2578697,0,4.7769074,6.823504,6.2588162,0,0,0,0,0,0,0,0,0,0,0,0,0,0,0,0,0,0,0,0,0,0,0,0,0,0,0,1,0
110000,1982,6.241745,0,4.7954435,6.8414016,6.280396,0,0,0,0,0,0,0,0,0,0,0,0,0,0,0,0,0,0,0,0,0,0,0,0,0,0,0,0,1
120000,1953,6.0591383,0,4.5601754,6.1360192,5.4931026,0,0,0,0,0,0,0,0,0,0,0,0,0,0,0,0,0,0,0,0,0,0,0,0,0,0,0,0,0
120000,1954,6.1552711,0,4.5545859,6.1703844,5.5631018,1,0,0,0,0,0,0,0,0,0,0,0,0,0,0,0,0,0,0,0,0,0,0,0,0,0,0,0,0
120000,1955,6.0599508,0,4.5952778,6.188921,5.5560169,0,1,0,0,0,0,0,0,0,0,0,0,0,0,0,0,0,0,0,0,0,0,0,0,0,0,0,0,0
120000,1956,6.1611247,0,4.6123509,6.2283335,5.6121421,0,0,1,0,0,0,0,0,0,0,0,0,0,0,0,0,0,0,0,0,0,0,0,0,0,0,0,0,0
120000,1957,6.128346,0,4.6203966,6.2722163,5.6844978,0,0,0,1,0,0,0,0,0,0,0,0,0,0,0,0,0,0,0,0,0,0,0,0,0,0,0,0,0
120000,1958,6.2947316,4.6287117,0,6.3068042,5.7385702,0,0,0,0,1,0,0,0,0,0,0,0,0,0,0,0,0,0,0,0,0,0,0,0,0,0,0,0,0
120000,1959,6.374711,4.6319137,0,6.3412762,5.7959056,0,0,0,0,0,1,0,0,0,0,0,0,0,0,0,0,0,0,0,0,0,0,0,0,0,0,0,0,0
120000,1960,6.3580351,4.6448479,0,6.3690958,5.8328791,0,0,0,0,0,0,1,0,0,0,0,0,0,0,0,0,0,0,0,0,0,0,0,0,0,0,0,0,0
120000,1961,6.0637698,0,4.6625881,6.3702946,5.8201127,0,0,0,0,0,0,0,1,0,0,0,0,0,0,0,0,0,0,0,0,0,0,0,0,0,0,0,0,0
120000,1962,6.0749087,0,4.7149377,6.3896198,5.8085027,0,0,0,0,0,0,0,0,1,0,0,0,0,0,0,0,0,0,0,0,0,0,0,0,0,0,0,0,0
120000,1963,6.1724143,0,4.7482629,6.4221587,5.8369431,0,0,0,0,0,0,0,0,0,1,0,0,0,0,0,0,0,0,0,0,0,0,0,0,0,0,0,0,0
120000,1964,5.9620714,0,4.7717433,6.4449577,5.856904,0,0,0,0,0,0,0,0,0,0,1,0,0,0,0,0,0,0,0,0,0,0,0,0,0,0,0,0,0
120000,1965,6.0884094,0,4.7961817,6.4580245,5.8584757,0,0,0,0,0,0,0,0,0,0,0,1,0,0,0,0,0,0,0,0,0,0,0,0,0,0,0,0,0
120000,1966,5.9402347,0,4.8236561,6.4627953,5.8416877,0,0,0,0,0,0,0,0,0,0,0,0,1,0,0,0,0,0,0,0,0,0,0,0,0,0,0,0,0
120000,1967,6.0113263,0,4.8415108,6.4765415,5.8503327,0,0,0,0,0,0,0,0,0,0,0,0,0,1,0,0,0,0,0,0,0,0,0,0,0,0,0,0,0
120000,1968,6.0554504,0,4.8645897,6.4846964,5.8433704,0,0,0,0,0,0,0,0,0,0,0,0,0,0,1,0,0,0,0,0,0,0,0,0,0,0,0,0,0
120000,1969,6.008122,0,4.8970385,6.4781256,5.7976675,0,0,0,0,0,0,0,0,0,0,0,0,0,0,0,1,0,0,0,0,0,0,0,0,0,0,0,0,0
120000,1970,5.953485,0,4.9483824,6.4811177,5.7470975,0,0,0,0,0,0,0,0,0,0,0,0,0,0,0,0,1,0,0,0,0,0,0,0,0,0,0,0,0
120000,1971,6.0681477,0,4.9595699,6.4973931,5.7680082,0,0,0,0,0,0,0,0,0,0,0,0,0,0,0,0,0,1,0,0,0,0,0,0,0,0,0,0,0
120000,1972,5.9729095,0,4.965466,6.514194,5.7960272,0,0,0,0,0,0,0,0,0,0,0,0,0,0,0,0,0,0,1,0,0,0,0,0,0,0,0,0,0
120000,1973,6.0521336,0,4.9787116,6.5269485,5.8074217,0,0,0,0,0,0,0,0,0,0,0,0,0,0,0,0,0,0,0,1,0,0,0,0,0,0,0,0,0
120000,1974,6.1232333,0,4.9956489,6.5402651,5.8158903,0,0,0,0,0,0,0,0,0,0,0,0,0,0,0,0,0,0,0,0,1,0,0,0,0,0,0,0,0
120000,1975,6.5581532,0,5.0009522,6.5551577,5.8405833,0,0,0,0,0,0,0,0,0,0,0,0,0,0,0,0,0,0,0,0,0,1,0,0,0,0,0,0,0
120000,1976,6.1077666,0,5.006444,6.5603232,5.8451085,0,0,0,0,0,0,0,0,0,0,0,0,0,0,0,0,0,0,0,0,0,0,1,0,0,0,0,0,0
120000,1977,6.100894,0,5.0188165,6.5692992,5.8498721,0,0,0,0,0,0,0,0,0,0,0,0,0,0,0,0,0,0,0,0,0,0,0,1,0,0,0,0,0
120000,1978,6.0642881,0,5.0191817,6.5851641,5.8817892,0,0,0,0,0,0,0,0,0,0,0,0,0,0,0,0,0,0,0,0,0,0,0,0,1,0,0,0,0
120000,1979,6.101685,0,5.0008726,6.605866,5.9416699,0,0,0,0,0,0,0,0,0,0,0,0,0,0,0,0,0,0,0,0,0,0,0,0,0,1,0,0,0
120000,1980,6.1061249,0,4.9940534,6.618619,5.9728422,0,0,0,0,0,0,0,0,0,0,0,0,0,0,0,0,0,0,0,0,0,0,0,0,0,0,1,0,0
120000,1981,6.0610385,0,5.0027766,6.6337395,5.9933376,0,0,0,0,0,0,0,0,0,0,0,0,0,0,0,0,0,0,0,0,0,0,0,0,0,0,0,1,0
120000,1982,6.0384235,0,5.0149765,6.6527596,6.0178633,0,0,0,0,0,0,0,0,0,0,0,0,0,0,0,0,0,0,0,0,0,0,0,0,0,0,0,0,1
130000,1953,8.3052444,0,6.7823224,8.114624,5.602119,0,0,0,0,0,0,0,0,0,0,0,0,0,0,0,0,0,0,0,0,0,0,0,0,0,0,0,0,0
130000,1954,8.2925186,0,6.869503,8.1440983,5.6970935,1,0,0,0,0,0,0,0,0,0,0,0,0,0,0,0,0,0,0,0,0,0,0,0,0,0,0,0,0
130000,1955,8.290987,0,6.8079176,8.1687698,5.7300997,0,1,0,0,0,0,0,0,0,0,0,0,0,0,0,0,0,0,0,0,0,0,0,0,0,0,0,0,0
130000,1956,8.3078461,0,6.84693,8.1856289,5.7776523,0,0,1,0,0,0,0,0,0,0,0,0,0,0,0,0,0,0,0,0,0,0,0,0,0,0,0,0,0
130000,1957,8.2941246,0,6.8557959,8.2079468,5.894403,0,0,0,1,0,0,0,0,0,0,0,0,0,0,0,0,0,0,0,0,0,0,0,0,0,0,0,0,0
130000,1958,8.4317141,6.9644451,0,8.2247,6.0707378,0,0,0,0,1,0,0,0,0,0,0,0,0,0,0,0,0,0,0,0,0,0,0,0,0,0,0,0,0
130000,1959,8.6978102,6.8730378,0,8.2403851,6.1944056,0,0,0,0,0,1,0,0,0,0,0,0,0,0,0,0,0,0,0,0,0,0,0,0,0,0,0,0,0
130000,1960,8.5446997,6.8998113,0,8.237215,6.1758671,0,0,0,0,0,0,1,0,0,0,0,0,0,0,0,0,0,0,0,0,0,0,0,0,0,0,0,0,0
130000,1961,8.1471291,0,6.9265938,8.2414398,6.0063534,0,0,0,0,0,0,0,1,0,0,0,0,0,0,0,0,0,0,0,0,0,0,0,0,0,0,0,0,0
130000,1962,8.3779497,0,6.907938,8.2646208,5.8230457,0,0,0,0,0,0,0,0,1,0,0,0,0,0,0,0,0,0,0,0,0,0,0,0,0,0,0,0,0
130000,1963,8.3691664,0,6.9214554,8.2829885,5.8435445,0,0,0,0,0,0,0,0,0,1,0,0,0,0,0,0,0,0,0,0,0,0,0,0,0,0,0,0,0
130000,1964,8.1540375,0,6.9799151,8.2932997,5.8777356,0,0,0,0,0,0,0,0,0,0,1,0,0,0,0,0,0,0,0,0,0,0,0,0,0,0,0,0,0
130000,1965,8.1763048,0,6.9485188,8.3155661,5.9053617,0,0,0,0,0,0,0,0,0,0,0,1,0,0,0,0,0,0,0,0,0,0,0,0,0,0,0,0,0
130000,1966,8.0102797,0,7.0609574,8.3387842,5.908083,0,0,0,0,0,0,0,0,0,0,0,0,1,0,0,0,0,0,0,0,0,0,0,0,0,0,0,0,0
130000,1967,7.9248323,0,6.9936066,8.3556147,5.9269261,0,0,0,0,0,0,0,0,0,0,0,0,0,1,0,0,0,0,0,0,0,0,0,0,0,0,0,0,0
130000,1968,7.9464583,0,7.0294209,8.3772411,5.9215784,0,0,0,0,0,0,0,0,0,0,0,0,0,0,1,0,0,0,0,0,0,0,0,0,0,0,0,0,0
130000,1969,7.9687524,0,7.0551872,8.3995352,5.9162021,0,0,0,0,0,0,0,0,0,0,0,0,0,0,0,1,0,0,0,0,0,0,0,0,0,0,0,0,0
130000,1970,7.9920998,0,7.2255325,8.4228821,5.9427996,0,0,0,0,0,0,0,0,0,0,0,0,0,0,0,0,1,0,0,0,0,0,0,0,0,0,0,0,0
130000,1971,8.113966,0,7.1240196,8.4424696,5.9939613,0,0,0,0,0,0,0,0,0,0,0,0,0,0,0,0,0,1,0,0,0,0,0,0,0,0,0,0,0
130000,1972,8.045742,0,7.1328073,8.4612579,6.1003189,0,0,0,0,0,0,0,0,0,0,0,0,0,0,0,0,0,0,1,0,0,0,0,0,0,0,0,0,0
130000,1973,8.0915413,0,7.2401128,8.4772043,6.1484685,0,0,0,0,0,0,0,0,0,0,0,0,0,0,0,0,0,0,0,1,0,0,0,0,0,0,0,0,0
130000,1974,8.1607008,0,7.1921039,8.4892054,6.1654177,0,0,0,0,0,0,0,0,0,0,0,0,0,0,0,0,0,0,0,0,1,0,0,0,0,0,0,0,0
130000,1975,8.6306686,0,7.2257032,8.4996405,6.2045579,0,0,0,0,0,0,0,0,0,0,0,0,0,0,0,0,0,0,0,0,0,1,0,0,0,0,0,0,0
130000,1976,8.1200657,0,7.2954421,8.5057278,6.2245584,0,0,0,0,0,0,0,0,0,0,0,0,0,0,0,0,0,0,0,0,0,0,1,0,0,0,0,0,0
130000,1977,8.08601,0,7.2366385,8.5167933,6.2633982,0,0,0,0,0,0,0,0,0,0,0,0,0,0,0,0,0,0,0,0,0,0,0,1,0,0,0,0,0
130000,1978,8.082242,0,7.264019,8.5285292,6.3153582,0,0,0,0,0,0,0,0,0,0,0,0,0,0,0,0,0,0,0,0,0,0,0,0,1,0,0,0,0
130000,1979,8.107193,0,7.3584418,8.5379753,6.3784261,0,0,0,0,0,0,0,0,0,0,0,0,0,0,0,0,0,0,0,0,0,0,0,0,0,1,0,0,0
130000,1980,8.0559444,0,7.2214065,8.5502415,6.4199948,0,0,0,0,0,0,0,0,0,0,0,0,0,0,0,0,0,0,0,0,0,0,0,0,0,0,1,0,0
130000,1981,8.0394926,0,7.3371625,8.5671253,6.4567695,0,0,0,0,0,0,0,0,0,0,0,0,0,0,0,0,0,0,0,0,0,0,0,0,0,0,0,1,0
130000,1982,8.1704569,0,7.2979975,8.5859728,6.5042882,0,0,0,0,0,0,0,0,0,0,0,0,0,0,0,0,0,0,0,0,0,0,0,0,0,0,0,0,1
140000,1953,7.6511555,0,6.2982683,7.2631755,5.0714169,0,0,0,0,0,0,0,0,0,0,0,0,0,0,0,0,0,0,0,0,0,0,0,0,0,0,0,0,0
140000,1954,7.5462546,0,6.0264263,7.2892895,5.1977234,1,0,0,0,0,0,0,0,0,0,0,0,0,0,0,0,0,0,0,0,0,0,0,0,0,0,0,0,0
140000,1955,7.4674234,0,6.0943708,7.3190036,5.3256893,0,1,0,0,0,0,0,0,0,0,0,0,0,0,0,0,0,0,0,0,0,0,0,0,0,0,0,0,0
140000,1956,7.5857582,0,6.0276418,7.3483171,5.4840913,0,0,1,0,0,0,0,0,0,0,0,0,0,0,0,0,0,0,0,0,0,0,0,0,0,0,0,0,0
140000,1957,7.5290012,0,6.0173583,7.3694367,5.4906306,0,0,0,1,0,0,0,0,0,0,0,0,0,0,0,0,0,0,0,0,0,0,0,0,0,0,0,0,0
140000,1958,7.6408219,5.9688849,0,7.3908415,5.7231603,0,0,0,0,1,0,0,0,0,0,0,0,0,0,0,0,0,0,0,0,0,0,0,0,0,0,0,0,0
140000,1959,7.5327439,6.0269423,0,7.4185228,5.7977586,0,0,0,0,0,1,0,0,0,0,0,0,0,0,0,0,0,0,0,0,0,0,0,0,0,0,0,0,0
140000,1960,7.6390095,6.041677,0,7.4401584,5.7869892,0,0,0,0,0,0,1,0,0,0,0,0,0,0,0,0,0,0,0,0,0,0,0,0,0,0,0,0,0
140000,1961,7.5700231,0,6.1545305,7.444272,5.6452703,0,0,0,0,0,0,0,1,0,0,0,0,0,0,0,0,0,0,0,0,0,0,0,0,0,0,0,0,0
140000,1962,7.5992298,0,5.7200165,7.4646988,5.4421148,0,0,0,0,0,0,0,0,1,0,0,0,0,0,0,0,0,0,0,0,0,0,0,0,0,0,0,0,0
140000,1963,7.8250751,0,6.0652542,7.4900322,5.4907131,0,0,0,0,0,0,0,0,0,1,0,0,0,0,0,0,0,0,0,0,0,0,0,0,0,0,0,0,0
140000,1964,7.5462856,0,6.2415853,7.5089898,5.5502038,0,0,0,0,0,0,0,0,0,0,1,0,0,0,0,0,0,0,0,0,0,0,0,0,0,0,0,0,0
140000,1965,7.5611696,0,6.1473341,7.5345278,5.6056552,0,0,0,0,0,0,0,0,0,0,0,1,0,0,0,0,0,0,0,0,0,0,0,0,0,0,0,0,0
140000,1966,7.3810549,0,6.4230342,7.555408,5.6130552,0,0,0,0,0,0,0,0,0,0,0,0,1,0,0,0,0,0,0,0,0,0,0,0,0,0,0,0,0
140000,1967,7.3828588,0,6.223731,7.5740194,5.643537,0,0,0,0,0,0,0,0,0,0,0,0,0,1,0,0,0,0,0,0,0,0,0,0,0,0,0,0,0
140000,1968,7.3341541,0,6.2485323,7.6007276,5.6524191,0,0,0,0,0,0,0,0,0,0,0,0,0,0,1,0,0,0,0,0,0,0,0,0,0,0,0,0,0
140000,1969,7.4230351,0,6.1689258,7.6251512,5.6703291,0,0,0,0,0,0,0,0,0,0,0,0,0,0,0,1,0,0,0,0,0,0,0,0,0,0,0,0,0
140000,1970,7.4480586,0,6.3334208,7.6550827,5.7397928,0,0,0,0,0,0,0,0,0,0,0,0,0,0,0,0,1,0,0,0,0,0,0,0,0,0,0,0,0
140000,1971,7.5255809,0,6.3061223,7.6798983,5.7809286,0,0,0,0,0,0,0,0,0,0,0,0,0,0,0,0,0,1,0,0,0,0,0,0,0,0,0,0,0
140000,1972,7.4926577,0,6.5681672,7.7021451,5.8361549,0,0,0,0,0,0,0,0,0,0,0,0,0,0,0,0,0,0,1,0,0,0,0,0,0,0,0,0,0
140000,1973,7.4618402,0,6.5168395,7.7219071,5.8587899,0,0,0,0,0,0,0,0,0,0,0,0,0,0,0,0,0,0,0,1,0,0,0,0,0,0,0,0,0
140000,1974,7.4994187,0,6.3981171,7.7414899,5.8773437,0,0,0,0,0,0,0,0,0,0,0,0,0,0,0,0,0,0,0,0,1,0,0,0,0,0,0,0,0
140000,1975,7.4280252,0,6.4723935,7.7579188,5.897511,0,0,0,0,0,0,0,0,0,0,0,0,0,0,0,0,0,0,0,0,0,1,0,0,0,0,0,0,0
140000,1976,7.4280314,0,6.5087476,7.7719312,5.9274592,0,0,0,0,0,0,0,0,0,0,0,0,0,0,0,0,0,0,0,0,0,0,1,0,0,0,0,0,0
140000,1977,7.3594537,0,6.5661001,7.7825737,5.9422741,0,0,0,0,0,0,0,0,0,0,0,0,0,0,0,0,0,0,0,0,0,0,0,1,0,0,0,0,0
140000,1978,7.3482833,0,6.5056086,7.7930093,5.9758177,0,0,0,0,0,0,0,0,0,0,0,0,0,0,0,0,0,0,0,0,0,0,0,0,1,0,0,0,0
140000,1979,7.3703771,0,6.6787076,7.8026996,6.0292177,0,0,0,0,0,0,0,0,0,0,0,0,0,0,0,0,0,0,0,0,0,0,0,0,0,1,0,0,0
140000,1980,7.3899374,0,6.6227517,7.8145852,6.0863428,0,0,0,0,0,0,0,0,0,0,0,0,0,0,0,0,0,0,0,0,0,0,0,0,0,0,1,0,0
140000,1981,7.4180746,0,6.6757326,7.827548,6.1292896,0,0,0,0,0,0,0,0,0,0,0,0,0,0,0,0,0,0,0,0,0,0,0,0,0,0,0,1,0
140000,1982,7.4297891,0,6.6671286,7.842279,6.1626201,0,0,0,0,0,0,0,0,0,0,0,0,0,0,0,0,0,0,0,0,0,0,0,0,0,0,0,0,1
210000,1953,7.4691958,0,6.1586599,7.6200185,6.3919172,0,0,0,0,0,0,0,0,0,0,0,0,0,0,0,0,0,0,0,0,0,0,0,0,0,0,0,0,0
210000,1954,7.6126027,0,6.4121227,7.6744781,6.5610309,1,0,0,0,0,0,0,0,0,0,0,0,0,0,0,0,0,0,0,0,0,0,0,0,0,0,0,0,0
210000,1955,7.2881694,0,6.2954836,7.7036848,6.5930448,0,1,0,0,0,0,0,0,0,0,0,0,0,0,0,0,0,0,0,0,0,0,0,0,0,0,0,0,0
210000,1956,7.6816111,0,6.4759011,7.7434864,6.6227365,0,0,1,0,0,0,0,0,0,0,0,0,0,0,0,0,0,0,0,0,0,0,0,0,0,0,0,0,0
210000,1957,7.6535139,0,6.3413506,7.7813473,6.7847962,0,0,0,1,0,0,0,0,0,0,0,0,0,0,0,0,0,0,0,0,0,0,0,0,0,0,0,0,0
210000,1958,7.9673147,5.9351349,0,7.8018003,6.8319535,0,0,0,0,1,0,0,0,0,0,0,0,0,0,0,0,0,0,0,0,0,0,0,0,0,0,0,0,0
210000,1959,7.9645276,6.216805,0,7.8247657,6.9707303,0,0,0,0,0,1,0,0,0,0,0,0,0,0,0,0,0,0,0,0,0,0,0,0,0,0,0,0,0
210000,1960,8.4071827,6.1609502,0,7.8475671,6.9226437,0,0,0,0,0,0,1,0,0,0,0,0,0,0,0,0,0,0,0,0,0,0,0,0,0,0,0,0,0
210000,1961,7.6692176,0,6.3189569,7.8317366,6.9392538,0,0,0,0,0,0,0,1,0,0,0,0,0,0,0,0,0,0,0,0,0,0,0,0,0,0,0,0,0
210000,1962,7.6077342,0,6.3851957,7.8434563,6.8362594,0,0,0,0,0,0,0,0,1,0,0,0,0,0,0,0,0,0,0,0,0,0,0,0,0,0,0,0,0
210000,1963,7.8109136,0,6.369019,7.8834839,6.877296,0,0,0,0,0,0,0,0,0,1,0,0,0,0,0,0,0,0,0,0,0,0,0,0,0,0,0,0,0
210000,1964,7.571104,0,6.2031946,7.9135942,6.89467,0,0,0,0,0,0,0,0,0,0,1,0,0,0,0,0,0,0,0,0,0,0,0,0,0,0,0,0,0
210000,1965,7.4622989,0,6.4906034,7.9403348,6.9213624,0,0,0,0,0,0,0,0,0,0,0,1,0,0,0,0,0,0,0,0,0,0,0,0,0,0,0,0,0
210000,1966,7.3998437,0,6.6145597,7.9619627,6.9265771,0,0,0,0,0,0,0,0,0,0,0,0,1,0,0,0,0,0,0,0,0,0,0,0,0,0,0,0,0
210000,1967,7.4165349,0,6.760911,7.9786539,6.9285378,0,0,0,0,0,0,0,0,0,0,0,0,0,1,0,0,0,0,0,0,0,0,0,0,0,0,0,0,0
210000,1968,7.3653708,0,6.7664456,8.0002489,6.9047508,0,0,0,0,0,0,0,0,0,0,0,0,0,0,1,0,0,0,0,0,0,0,0,0,0,0,0,0,0
210000,1969,7.3479114,0,6.5196748,8.0212564,6.8700533,0,0,0,0,0,0,0,0,0,0,0,0,0,0,0,1,0,0,0,0,0,0,0,0,0,0,0,0,0
210000,1970,7.3990073,0,6.8728166,8.033885,6.8316298,0,0,0,0,0,0,0,0,0,0,0,0,0,0,0,0,1,0,0,0,0,0,0,0,0,0,0,0,0
210000,1971,7.5556097,0,6.9082503,8.0499058,6.8679743,0,0,0,0,0,0,0,0,0,0,0,0,0,0,0,0,0,1,0,0,0,0,0,0,0,0,0,0,0
210000,1972,7.4077497,0,6.8210125,8.061676,6.9047508,0,0,0,0,0,0,0,0,0,0,0,0,0,0,0,0,0,0,1,0,0,0,0,0,0,0,0,0,0
210000,1973,7.5328441,0,6.9124751,8.0775709,6.9304948,0,0,0,0,0,0,0,0,0,0,0,0,0,0,0,0,0,0,0,1,0,0,0,0,0,0,0,0,0
210000,1974,7.594296,0,6.7824893,8.0885925,6.9304948,0,0,0,0,0,0,0,0,0,0,0,0,0,0,0,0,0,0,0,0,1,0,0,0,0,0,0,0,0
210000,1975,7.4983711,0,6.8784351,8.0962086,6.9368286,0,0,0,0,0,0,0,0,0,0,0,0,0,0,0,0,0,0,0,0,0,1,0,0,0,0,0,0,0
210000,1976,7.5427961,0,6.9004955,8.1049147,6.9324479,0,0,0,0,0,0,0,0,0,0,0,0,0,0,0,0,0,0,0,0,0,0,1,0,0,0,0,0,0
210000,1977,7.4801941,0,6.8345256,8.1150723,6.9324479,0,0,0,0,0,0,0,0,0,0,0,0,0,0,0,0,0,0,0,0,0,0,0,1,0,0,0,0,0
210000,1978,7.4366174,0,6.971168,8.1297646,6.982213,0,0,0,0,0,0,0,0,0,0,0,0,0,0,0,0,0,0,0,0,0,0,0,0,1,0,0,0,0
210000,1979,7.5277963,0,7.0696068,8.1439819,7.0603905,0,0,0,0,0,0,0,0,0,0,0,0,0,0,0,0,0,0,0,0,0,0,0,0,0,1,0,0,0
210000,1980,7.5218902,0,6.9886022,8.1567688,7.1202016,0,0,0,0,0,0,0,0,0,0,0,0,0,0,0,0,0,0,0,0,0,0,0,0,0,0,1,0,0
210000,1981,7.5542259,0,7.0471816,8.1704121,7.1618547,0,0,0,0,0,0,0,0,0,0,0,0,0,0,0,0,0,0,0,0,0,0,0,0,0,0,0,1,0
210000,1982,7.4933453,0,6.941412,8.186492,7.2001262,0,0,0,0,0,0,0,0,0,0,0,0,0,0,0,0,0,0,0,0,0,0,0,0,0,0,0,0,1
220000,1953,7.0749021,0,6.1329441,7.0328007,5.7430034,0,0,0,0,0,0,0,0,0,0,0,0,0,0,0,0,0,0,0,0,0,0,0,0,0,0,0,0,0
220000,1954,7.051178,0,6.0451646,7.0602188,5.7920985,1,0,0,0,0,0,0,0,0,0,0,0,0,0,0,0,0,0,0,0,0,0,0,0,0,0,0,0,0
220000,1955,6.8081355,0,6.0994267,7.0918255,5.8605013,0,1,0,0,0,0,0,0,0,0,0,0,0,0,0,0,0,0,0,0,0,0,0,0,0,0,0,0,0
220000,1956,7.0104675,0,6.0393057,7.1102877,5.7639365,0,0,1,0,0,0,0,0,0,0,0,0,0,0,0,0,0,0,0,0,0,0,0,0,0,0,0,0,0
220000,1957,7.0372624,0,5.9401484,7.1293778,5.9012661,0,0,0,1,0,0,0,0,0,0,0,0,0,0,0,0,0,0,0,0,0,0,0,0,0,0,0,0,0
220000,1958,7.4502244,6.2769122,0,7.1553183,5.9932132,0,0,0,0,1,0,0,0,0,0,0,0,0,0,0,0,0,0,0,0,0,0,0,0,0,0,0,0,0
220000,1959,7.192986,6.0298872,0,7.1800699,6.1499629,0,0,0,0,0,1,0,0,0,0,0,0,0,0,0,0,0,0,0,0,0,0,0,0,0,0,0,0,0
220000,1960,7.4286337,5.9148216,0,7.2421541,6.3084626,0,0,0,0,0,0,1,0,0,0,0,0,0,0,0,0,0,0,0,0,0,0,0,0,0,0,0,0,0
220000,1961,7.2503819,0,6.0409279,7.2543902,6.2597728,0,0,0,0,0,0,0,1,0,0,0,0,0,0,0,0,0,0,0,0,0,0,0,0,0,0,0,0,0
220000,1962,7.2397327,0,6.2541952,7.2973619,6.1748271,0,0,0,0,0,0,0,0,1,0,0,0,0,0,0,0,0,0,0,0,0,0,0,0,0,0,0,0,0
220000,1963,7.5703506,0,6.428607,7.3376527,6.2025356,0,0,0,0,0,0,0,0,0,1,0,0,0,0,0,0,0,0,0,0,0,0,0,0,0,0,0,0,0
220000,1964,7.3421688,0,6.1046233,7.3746915,6.221981,0,0,0,0,0,0,0,0,0,0,1,0,0,0,0,0,0,0,0,0,0,0,0,0,0,0,0,0,0
220000,1965,7.2534027,0,6.1088462,7.4019027,6.2542133,0,0,0,0,0,0,0,0,0,0,0,1,0,0,0,0,0,0,0,0,0,0,0,0,0,0,0,0,0
220000,1966,7.3362079,0,6.1875029,7.4261322,6.2660613,0,0,0,0,0,0,0,0,0,0,0,0,1,0,0,0,0,0,0,0,0,0,0,0,0,0,0,0,0
220000,1967,7.3613749,0,6.4704442,7.4512997,6.2956347,0,0,0,0,0,0,0,0,0,0,0,0,0,1,0,0,0,0,0,0,0,0,0,0,0,0,0,0,0
220000,1968,7.0580921,0,6.4582157,7.4766421,6.3202286,0,0,0,0,0,0,0,0,0,0,0,0,0,0,1,0,0,0,0,0,0,0,0,0,0,0,0,0,0
220000,1969,7.0491014,0,6.3609896,7.5000873,6.2963724,0,0,0,0,0,0,0,0,0,0,0,0,0,0,0,1,0,0,0,0,0,0,0,0,0,0,0,0,0
220000,1970,7.0931377,0,6.4025602,7.5285468,6.3191481,0,0,0,0,0,0,0,0,0,0,0,0,0,0,0,0,1,0,0,0,0,0,0,0,0,0,0,0,0
220000,1971,7.2738872,0,6.4710345,7.5575771,6.3611298,0,0,0,0,0,0,0,0,0,0,0,0,0,0,0,0,0,1,0,0,0,0,0,0,0,0,0,0,0
220000,1972,7.1088676,0,6.3638663,7.5820765,6.3910794,0,0,0,0,0,0,0,0,0,0,0,0,0,0,0,0,0,0,1,0,0,0,0,0,0,0,0,0,0
220000,1973,7.2043672,0,6.4997568,7.6048446,6.415915,0,0,0,0,0,0,0,0,0,0,0,0,0,0,0,0,0,0,0,1,0,0,0,0,0,0,0,0,0
220000,1974,7.2190194,0,6.4319196,7.6180053,6.4211345,0,0,0,0,0,0,0,0,0,0,0,0,0,0,0,0,0,0,0,0,1,0,0,0,0,0,0,0,0
220000,1975,7.1478443,0,6.6386476,7.6323528,6.4305258,0,0,0,0,0,0,0,0,0,0,0,0,0,0,0,0,0,0,0,0,0,1,0,0,0,0,0,0,0
220000,1976,7.1904564,0,6.4661775,7.6461625,6.4498382,0,0,0,0,0,0,0,0,0,0,0,0,0,0,0,0,0,0,0,0,0,0,1,0,0,0,0,0,0
220000,1977,7.1605997,0,6.5791588,7.6581802,6.4556704,0,0,0,0,0,0,0,0,0,0,0,0,0,0,0,0,0,0,0,0,0,0,0,1,0,0,0,0,0
220000,1978,7.0786901,0,6.7028904,7.6728973,6.4914818,0,0,0,0,0,0,0,0,0,0,0,0,0,0,0,0,0,0,0,0,0,0,0,0,1,0,0,0,0
220000,1979,7.142735,0,6.7144623,7.689188,6.552793,0,0,0,0,0,0,0,0,0,0,0,0,0,0,0,0,0,0,0,0,0,0,0,0,0,1,0,0,0
220000,1980,7.0699525,0,6.7318287,7.7010646,6.5838242,0,0,0,0,0,0,0,0,0,0,0,0,0,0,0,0,0,0,0,0,0,0,0,0,0,0,1,0,0
220000,1981,7.1705923,0,6.739706,7.7101603,6.6143236,0,0,0,0,0,0,0,0,0,0,0,0,0,0,0,0,0,0,0,0,0,0,0,0,0,0,0,1,0
220000,1982,7.0965691,0,6.6425357,7.7220578,6.638175,0,0,0,0,0,0,0,0,0,0,0,0,0,0,0,0,0,0,0,0,0,0,0,0,0,0,0,0,1
230000,1953,7.1876163,0,6.6567392,7.0814562,5.9697299,0,0,0,0,0,0,0,0,0,0,0,0,0,0,0,0,0,0,0,0,0,0,0,0,0,0,0,0,0
230000,1954,7.2559276,0,6.7043314,7.1310587,6.0640178,1,0,0,0,0,0,0,0,0,0,0,0,0,0,0,0,0,0,0,0,0,0,0,0,0,0,0,0,0
230000,1955,7.1942639,0,6.5970716,7.1862955,6.1364303,0,1,0,0,0,0,0,0,0,0,0,0,0,0,0,0,0,0,0,0,0,0,0,0,0,0,0,0,0
230000,1956,7.3011603,0,6.6859794,7.2571435,6.2015228,0,0,1,0,0,0,0,0,0,0,0,0,0,0,0,0,0,0,0,0,0,0,0,0,0,0,0,0,0
230000,1957,7.2121358,0,6.8064432,7.2987833,6.3521066,0,0,0,1,0,0,0,0,0,0,0,0,0,0,0,0,0,0,0,0,0,0,0,0,0,0,0,0,0
230000,1958,7.5985403,6.8459911,0,7.3548102,6.1238079,0,0,0,0,1,0,0,0,0,0,0,0,0,0,0,0,0,0,0,0,0,0,0,0,0,0,0,0,0
230000,1959,7.4784322,6.622241,0,7.4277387,6.6599345,0,0,0,0,0,1,0,0,0,0,0,0,0,0,0,0,0,0,0,0,0,0,0,0,0,0,0,0,0
230000,1960,7.6065378,6.743813,0,7.4994788,6.7675734,0,0,0,0,0,0,1,0,0,0,0,0,0,0,0,0,0,0,0,0,0,0,0,0,0,0,0,0,0
230000,1961,7.3995814,0,6.8099217,7.5480819,6.6758232,0,0,0,0,0,0,0,1,0,0,0,0,0,0,0,0,0,0,0,0,0,0,0,0,0,0,0,0,0
230000,1962,7.3906975,0,6.6526184,7.5461822,6.5838242,0,0,0,0,0,0,0,0,1,0,0,0,0,0,0,0,0,0,0,0,0,0,0,0,0,0,0,0,0
230000,1963,7.7239532,0,6.9376769,7.5868034,6.6386986,0,0,0,0,0,0,0,0,0,1,0,0,0,0,0,0,0,0,0,0,0,0,0,0,0,0,0,0,0
230000,1964,7.4040599,0,6.7717471,7.6272035,6.632792,0,0,0,0,0,0,0,0,0,0,1,0,0,0,0,0,0,0,0,0,0,0,0,0,0,0,0,0,0
230000,1965,7.3591814,0,6.9304423,7.6657066,6.7138066,0,0,0,0,0,0,0,0,0,0,0,1,0,0,0,0,0,0,0,0,0,0,0,0,0,0,0,0,0
230000,1966,7.1818571,0,6.9197183,7.6910176,6.8823347,0,0,0,0,0,0,0,0,0,0,0,0,1,0,0,0,0,0,0,0,0,0,0,0,0,0,0,0,0
230000,1967,7.216795,0,6.8799601,7.7226334,6.8760581,0,0,0,0,0,0,0,0,0,0,0,0,0,1,0,0,0,0,0,0,0,0,0,0,0,0,0,0,0
230000,1968,7.238482,0,7.0313516,7.7593579,6.8885727,0,0,0,0,0,0,0,0,0,0,0,0,0,0,1,0,0,0,0,0,0,0,0,0,0,0,0,0,0
230000,1969,7.2570767,0,6.9336481,7.8000813,6.7924566,0,0,0,0,0,0,0,0,0,0,0,0,0,0,0,1,0,0,0,0,0,0,0,0,0,0,0,0,0
230000,1970,7.2934771,0,6.9669633,7.8330455,6.8268704,0,0,0,0,0,0,0,0,0,0,0,0,0,0,0,0,1,0,0,0,0,0,0,0,0,0,0,0,0
230000,1971,7.4036703,0,6.9499235,7.8736739,6.8796644,0,0,0,0,0,0,0,0,0,0,0,0,0,0,0,0,0,1,0,0,0,0,0,0,0,0,0,0,0
230000,1972,7.3298178,0,6.9064121,7.9096365,6.9374113,0,0,0,0,0,0,0,0,0,0,0,0,0,0,0,0,0,0,1,0,0,0,0,0,0,0,0,0,0
230000,1973,7.3588057,0,6.8575611,7.9439955,6.9551158,0,0,0,0,0,0,0,0,0,0,0,0,0,0,0,0,0,0,0,1,0,0,0,0,0,0,0,0,0
230000,1974,7.3597488,0,6.9367929,7.9703951,6.956069,0,0,0,0,0,0,0,0,0,0,0,0,0,0,0,0,0,0,0,0,1,0,0,0,0,0,0,0,0
230000,1975,7.2870827,0,7.0009408,7.9923024,6.9636631,0,0,0,0,0,0,0,0,0,0,0,0,0,0,0,0,0,0,0,0,0,1,0,0,0,0,0,0,0
230000,1976,7.3196664,0,7.0418086,8.0128136,6.9772816,0,0,0,0,0,0,0,0,0,0,0,0,0,0,0,0,0,0,0,0,0,0,1,0,0,0,0,0,0
230000,1977,7.2709599,0,7.0757575,8.0302467,6.9869361,0,0,0,0,0,0,0,0,0,0,0,0,0,0,0,0,0,0,0,0,0,0,0,1,0,0,0,0,0
230000,1978,7.2116427,0,7.1040812,8.0486603,7.0067859,0,0,0,0,0,0,0,0,0,0,0,0,0,0,0,0,0,0,0,0,0,0,0,0,1,0,0,0,0
230000,1979,7.33953,0,7.0238924,8.0610771,7.0582423,0,0,0,0,0,0,0,0,0,0,0,0,0,0,0,0,0,0,0,0,0,0,0,0,0,1,0,0,0
230000,1980,7.3443542,0,7.1966567,8.072093,7.0836396,0,0,0,0,0,0,0,0,0,0,0,0,0,0,0,0,0,0,0,0,0,0,0,0,0,0,1,0,0
230000,1981,7.3656726,0,6.9201245,8.0831127,7.1129794,0,0,0,0,0,0,0,0,0,0,0,0,0,0,0,0,0,0,0,0,0,0,0,0,0,0,0,1,0
230000,1982,7.4962773,0,6.9920621,8.0959339,7.1347313,0,0,0,0,0,0,0,0,0,0,0,0,0,0,0,0,0,0,0,0,0,0,0,0,0,0,0,0,1
310000,1953,6.0795221,0,4.7949076,6.4220123,6.0730057,0,0,0,0,0,0,0,0,0,0,0,0,0,0,0,0,0,0,0,0,0,0,0,0,0,0,0,0,0
310000,1954,6.2978864,0,4.8355684,6.4963374,6.1473308,1,0,0,0,0,0,0,0,0,0,0,0,0,0,0,0,0,0,0,0,0,0,0,0,0,0,0,0,0
310000,1955,6.0191917,0,4.8017325,6.4347072,6.0857,0,1,0,0,0,0,0,0,0,0,0,0,0,0,0,0,0,0,0,0,0,0,0,0,0,0,0,0,0
310000,1956,5.9592342,0,4.8119431,6.4535303,6.1045237,0,0,1,0,0,0,0,0,0,0,0,0,0,0,0,0,0,0,0,0,0,0,0,0,0,0,0,0,0
310000,1957,6.0582066,0,4.8581018,6.536242,6.1872354,0,0,0,1,0,0,0,0,0,0,0,0,0,0,0,0,0,0,0,0,0,0,0,0,0,0,0,0,0
310000,1958,6.3726778,4.9076948,0,6.6211395,6.2721324,0,0,0,0,1,0,0,0,0,0,0,0,0,0,0,0,0,0,0,0,0,0,0,0,0,0,0,0,0
310000,1959,6.5646863,5.1621723,0,6.9357495,6.5553284,0,0,0,0,0,1,0,0,0,0,0,0,0,0,0,0,0,0,0,0,0,0,0,0,0,0,0,0,0
310000,1960,6.7011628,5.1771221,0,6.9625278,6.5849433,0,0,0,0,0,0,1,0,0,0,0,0,0,0,0,0,0,0,0,0,0,0,0,0,0,0,0,0,0
310000,1961,6.6365666,0,5.185493,6.9650707,6.5833678,0,0,0,0,0,0,0,1,0,0,0,0,0,0,0,0,0,0,0,0,0,0,0,0,0,0,0,0,0
310000,1962,6.6073284,0,5.21699,6.9640031,6.5613275,0,0,0,0,0,0,0,0,1,0,0,0,0,0,0,0,0,0,0,0,0,0,0,0,0,0,0,0,0
310000,1963,6.4845138,0,5.2440314,6.9788098,6.5654764,0,0,0,0,0,0,0,0,0,1,0,0,0,0,0,0,0,0,0,0,0,0,0,0,0,0,0,0,0
310000,1964,6.42834,0,5.264513,6.990459,6.569243,0,0,0,0,0,0,0,0,0,0,1,0,0,0,0,0,0,0,0,0,0,0,0,0,0,0,0,0,0
310000,1965,6.3625259,0,5.2734346,6.9974041,6.5737362,0,0,0,0,0,0,0,0,0,0,0,1,0,0,0,0,0,0,0,0,0,0,0,0,0,0,0,0,0
310000,1966,6.325923,0,5.2927718,6.9992671,6.5631924,0,0,0,0,0,0,0,0,0,0,0,0,1,0,0,0,0,0,0,0,0,0,0,0,0,0,0,0,0
310000,1967,6.3733735,0,5.2854137,7.0082521,6.5821223,0,0,0,0,0,0,0,0,0,0,0,0,0,1,0,0,0,0,0,0,0,0,0,0,0,0,0,0,0
310000,1968,6.2561646,0,5.3016281,7.0111871,6.5754247,0,0,0,0,0,0,0,0,0,0,0,0,0,0,1,0,0,0,0,0,0,0,0,0,0,0,0,0,0
310000,1969,6.3044395,0,5.3176498,6.9975867,6.5427599,0,0,0,0,0,0,0,0,0,0,0,0,0,0,0,1,0,0,0,0,0,0,0,0,0,0,0,0,0
310000,1970,6.3238678,0,5.3387208,6.9777942,6.4952655,0,0,0,0,0,0,0,0,0,0,0,0,0,0,0,0,1,0,0,0,0,0,0,0,0,0,0,0,0
310000,1971,6.3926191,0,5.3602538,6.9724374,6.4694052,0,0,0,0,0,0,0,0,0,0,0,0,0,0,0,0,0,1,0,0,0,0,0,0,0,0,0,0,0
310000,1972,6.372057,0,5.3642645,6.9698939,6.4619212,0,0,0,0,0,0,0,0,0,0,0,0,0,0,0,0,0,0,1,0,0,0,0,0,0,0,0,0,0
310000,1973,6.430696,0,5.3822422,6.9754233,6.4562988,0,0,0,0,0,0,0,0,0,0,0,0,0,0,0,0,0,0,0,1,0,0,0,0,0,0,0,0,0
310000,1974,6.4681149,0,4.6453242,6.9789405,6.4617648,0,0,0,0,0,0,0,0,0,0,0,0,0,0,0,0,0,0,0,0,1,0,0,0,0,0,0,0,0
310000,1975,6.4873781,0,5.3916945,6.9816747,6.4589181,0,0,0,0,0,0,0,0,0,0,0,0,0,0,0,0,0,0,0,0,0,1,0,0,0,0,0,0,0
310000,1976,6.5551362,0,5.4021583,6.9859195,6.4572878,0,0,0,0,0,0,0,0,0,0,0,0,0,0,0,0,0,0,0,0,0,0,1,0,0,0,0,0,0
310000,1977,6.5126534,0,5.4207468,6.9906893,6.4495378,0,0,0,0,0,0,0,0,0,0,0,0,0,0,0,0,0,0,0,0,0,0,0,1,0,0,0,0,0
310000,1978,6.5072041,0,5.4188972,7.0015006,6.4696069,0,0,0,0,0,0,0,0,0,0,0,0,0,0,0,0,0,0,0,0,0,0,0,0,1,0,0,0,0
310000,1979,6.6010818,0,5.4036226,7.0318651,6.5328875,0,0,0,0,0,0,0,0,0,0,0,0,0,0,0,0,0,0,0,0,0,0,0,0,0,1,0,0,0
310000,1980,6.5981994,0,5.4023809,7.0444865,6.5545459,0,0,0,0,0,0,0,0,0,0,0,0,0,0,0,0,0,0,0,0,0,0,0,0,0,0,1,0,0
310000,1981,6.5965853,0,5.4091697,7.0586205,6.5723944,0,0,0,0,0,0,0,0,0,0,0,0,0,0,0,0,0,0,0,0,0,0,0,0,0,0,0,1,0
310000,1982,6.7026381,0,5.4118247,7.0737019,6.5948377,0,0,0,0,0,0,0,0,0,0,0,0,0,0,0,0,0,0,0,0,0,0,0,0,0,0,0,0,1
320000,1953,8.4427872,0,6.8691506,8.24722,6.3279366,0,0,0,0,0,0,0,0,0,0,0,0,0,0,0,0,0,0,0,0,0,0,0,0,0,0,0,0,0
320000,1954,8.4287539,0,6.8849158,8.2666349,6.3194723,1,0,0,0,0,0,0,0,0,0,0,0,0,0,0,0,0,0,0,0,0,0,0,0,0,0,0,0,0
320000,1955,8.5540056,0,7.0261059,8.2901039,6.3325868,0,1,0,0,0,0,0,0,0,0,0,0,0,0,0,0,0,0,0,0,0,0,0,0,0,0,0,0,0
320000,1956,8.3418188,0,6.9398942,8.3161507,6.3459873,0,0,1,0,0,0,0,0,0,0,0,0,0,0,0,0,0,0,0,0,0,0,0,0,0,0,0,0,0
320000,1957,8.2768393,0,6.913013,8.3387146,6.4307833,0,0,0,1,0,0,0,0,0,0,0,0,0,0,0,0,0,0,0,0,0,0,0,0,0,0,0,0,0
320000,1958,8.731617,7.061944,0,8.3566113,6.5524225,0,0,0,0,1,0,0,0,0,0,0,0,0,0,0,0,0,0,0,0,0,0,0,0,0,0,0,0,0
320000,1959,8.9742413,7.0328436,0,8.3639326,6.6341996,0,0,0,0,0,1,0,0,0,0,0,0,0,0,0,0,0,0,0,0,0,0,0,0,0,0,0,0,0
320000,1960,8.6425791,6.8978481,0,8.3536482,6.6422653,0,0,0,0,0,0,1,0,0,0,0,0,0,0,0,0,0,0,0,0,0,0,0,0,0,0,0,0,0
320000,1961,8.3884869,0,6.9230275,8.3531199,6.5477462,0,0,0,0,0,0,0,1,0,0,0,0,0,0,0,0,0,0,0,0,0,0,0,0,0,0,0,0,0
320000,1962,8.2732601,0,6.9551272,8.3741865,6.4675436,0,0,0,0,0,0,0,0,1,0,0,0,0,0,0,0,0,0,0,0,0,0,0,0,0,0,0,0,0
320000,1963,8.4115763,0,7.0945792,8.3986597,6.4668756,0,0,0,0,0,0,0,0,0,1,0,0,0,0,0,0,0,0,0,0,0,0,0,0,0,0,0,0,0
320000,1964,8.361042,0,7.2379732,8.414443,6.4656005,0,0,0,0,0,0,0,0,0,0,1,0,0,0,0,0,0,0,0,0,0,0,0,0,0,0,0,0,0
320000,1965,8.2220459,0,7.2137809,8.4389591,6.48491,0,0,0,0,0,0,0,0,0,0,0,1,0,0,0,0,0,0,0,0,0,0,0,0,0,0,0,0,0
320000,1966,8.2183132,0,7.320756,8.4654932,6.4989896,0,0,0,0,0,0,0,0,0,0,0,0,1,0,0,0,0,0,0,0,0,0,0,0,0,0,0,0,0
320000,1967,8.2213154,0,7.4249039,8.4891949,6.4746003,0,0,0,0,0,0,0,0,0,0,0,0,0,1,0,0,0,0,0,0,0,0,0,0,0,0,0,0,0
320000,1968,8.1308241,0,7.4005418,8.5164871,6.4949484,0,0,0,0,0,0,0,0,0,0,0,0,0,0,1,0,0,0,0,0,0,0,0,0,0,0,0,0,0
320000,1969,8.1623058,0,7.5186486,8.5406418,6.4275718,0,0,0,0,0,0,0,0,0,0,0,0,0,0,0,1,0,0,0,0,0,0,0,0,0,0,0,0,0
320000,1970,8.2625704,0,7.5265689,8.5663815,6.3978791,0,0,0,0,0,0,0,0,0,0,0,0,0,0,0,0,1,0,0,0,0,0,0,0,0,0,0,0,0
320000,1971,8.2070875,0,7.5943079,8.5868855,6.428267,0,0,0,0,0,0,0,0,0,0,0,0,0,0,0,0,0,1,0,0,0,0,0,0,0,0,0,0,0
320000,1972,8.1726847,0,7.6883979,8.6003962,6.4410262,0,0,0,0,0,0,0,0,0,0,0,0,0,0,0,0,0,0,1,0,0,0,0,0,0,0,0,0,0
320000,1973,8.1995411,0,7.6832027,8.6135426,6.5448036,0,0,0,0,0,0,0,0,0,0,0,0,0,0,0,0,0,0,0,1,0,0,0,0,0,0,0,0,0
320000,1974,8.1874228,0,7.7109504,8.6243782,6.5104814,0,0,0,0,0,0,0,0,0,0,0,0,0,0,0,0,0,0,0,0,1,0,0,0,0,0,0,0,0
320000,1975,8.2030869,0,7.7482367,8.6369514,6.5180554,0,0,0,0,0,0,0,0,0,0,0,0,0,0,0,0,0,0,0,0,0,1,0,0,0,0,0,0,0
320000,1976,8.2144899,0,7.7855754,8.6483545,6.5403662,0,0,0,0,0,0,0,0,0,0,0,0,0,0,0,0,0,0,0,0,0,0,1,0,0,0,0,0,0
320000,1977,8.1636715,0,7.7185159,8.6596088,6.5486059,0,0,0,0,0,0,0,0,0,0,0,0,0,0,0,0,0,0,0,0,0,0,0,1,0,0,0,0,0
320000,1978,8.1353712,0,7.7543745,8.6715145,6.5904522,0,0,0,0,0,0,0,0,0,0,0,0,0,0,0,0,0,0,0,0,0,0,0,0,1,0,0,0,0
320000,1979,8.2613726,0,7.7866945,8.6814442,6.7154441,0,0,0,0,0,0,0,0,0,0,0,0,0,0,0,0,0,0,0,0,0,0,0,0,0,1,0,0,0
320000,1980,8.214344,0,7.7743921,8.6891594,6.7481966,0,0,0,0,0,0,0,0,0,0,0,0,0,0,0,0,0,0,0,0,0,0,0,0,0,0,1,0,0
320000,1981,8.1478348,0,7.7701411,8.7012196,6.7751608,0,0,0,0,0,0,0,0,0,0,0,0,0,0,0,0,0,0,0,0,0,0,0,0,0,0,0,1,0
320000,1982,8.195035,0,7.8094802,8.7142296,6.8167028,0,0,0,0,0,0,0,0,0,0,0,0,0,0,0,0,0,0,0,0,0,0,0,0,0,0,0,0,1
330000,1953,8.0225286,0,6.9026093,7.7268786,5.8320289,0,0,0,0,0,0,0,0,0,0,0,0,0,0,0,0,0,0,0,0,0,0,0,0,0,0,0,0,0
330000,1954,7.9812307,0,7.0508265,7.7517076,5.8606439,1,0,0,0,0,0,0,0,0,0,0,0,0,0,0,0,0,0,0,0,0,0,0,0,0,0,0,0,0
330000,1955,7.7220831,0,7.0822272,7.7775955,5.8903451,0,1,0,0,0,0,0,0,0,0,0,0,0,0,0,0,0,0,0,0,0,0,0,0,0,0,0,0,0
330000,1956,7.7305064,0,7.0131226,7.8009291,5.939671,0,0,1,0,0,0,0,0,0,0,0,0,0,0,0,0,0,0,0,0,0,0,0,0,0,0,0,0,0
330000,1957,7.7365499,0,7.0448308,7.8253813,6.0280857,0,0,0,1,0,0,0,0,0,0,0,0,0,0,0,0,0,0,0,0,0,0,0,0,0,0,0,0,0
330000,1958,7.927031,7.0523086,0,7.8491445,6.1510077,0,0,0,0,1,0,0,0,0,0,0,0,0,0,0,0,0,0,0,0,0,0,0,0,0,0,0,0,0
330000,1959,8.0348644,7.075439,0,7.8625937,6.1946297,0,0,0,0,0,1,0,0,0,0,0,0,0,0,0,0,0,0,0,0,0,0,0,0,0,0,0,0,0
330000,1960,7.8547468,7.0658603,0,7.8708763,6.2216034,0,0,0,0,0,0,1,0,0,0,0,0,0,0,0,0,0,0,0,0,0,0,0,0,0,0,0,0,0
330000,1961,7.7262864,0,7.1010618,7.8759475,6.1867433,0,0,0,0,0,0,0,1,0,0,0,0,0,0,0,0,0,0,0,0,0,0,0,0,0,0,0,0,0
330000,1962,7.6679626,0,7.0845375,7.9036851,6.1152959,0,0,0,0,0,0,0,0,1,0,0,0,0,0,0,0,0,0,0,0,0,0,0,0,0,0,0,0,0
330000,1963,7.8552475,0,7.0965409,7.9375424,6.0310941,0,0,0,0,0,0,0,0,0,1,0,0,0,0,0,0,0,0,0,0,0,0,0,0,0,0,0,0,0
330000,1964,7.7516985,0,7.2344971,7.963655,5.9391708,0,0,0,0,0,0,0,0,0,0,1,0,0,0,0,0,0,0,0,0,0,0,0,0,0,0,0,0,0
330000,1965,7.6523714,0,7.2918453,7.9920487,5.9607992,0,0,0,0,0,0,0,0,0,0,0,1,0,0,0,0,0,0,0,0,0,0,0,0,0,0,0,0,0
330000,1966,7.594316,0,7.3603768,8.017436,5.9727149,0,0,0,0,0,0,0,0,0,0,0,0,1,0,0,0,0,0,0,0,0,0,0,0,0,0,0,0,0
330000,1967,7.5524998,0,7.3527699,8.0402603,5.9988375,0,0,0,0,0,0,0,0,0,0,0,0,0,1,0,0,0,0,0,0,0,0,0,0,0,0,0,0,0
330000,1968,7.5108418,0,7.3859119,8.0624895,6.0034428,0,0,0,0,0,0,0,0,0,0,0,0,0,0,1,0,0,0,0,0,0,0,0,0,0,0,0,0,0
330000,1969,7.5695662,0,7.4161186,8.087081,5.9760971,0,0,0,0,0,0,0,0,0,0,0,0,0,0,0,1,0,0,0,0,0,0,0,0,0,0,0,0,0
330000,1970,7.6121697,0,7.4787745,8.1064663,5.9875569,0,0,0,0,0,0,0,0,0,0,0,0,0,0,0,0,1,0,0,0,0,0,0,0,0,0,0,0,0
330000,1971,7.6210551,0,7.4142971,8.1285524,6.034596,0,0,0,0,0,0,0,0,0,0,0,0,0,0,0,0,0,1,0,0,0,0,0,0,0,0,0,0,0
330000,1972,7.648778,0,7.4908447,8.1463585,6.0411592,0,0,0,0,0,0,0,0,0,0,0,0,0,0,0,0,0,0,1,0,0,0,0,0,0,0,0,0,0
330000,1973,7.6796947,0,7.5159755,8.1642027,6.0593567,0,0,0,0,0,0,0,0,0,0,0,0,0,0,0,0,0,0,0,1,0,0,0,0,0,0,0,0,0
330000,1974,7.7173109,0,7.514822,8.1777601,6.0251651,0,0,0,0,0,0,0,0,0,0,0,0,0,0,0,0,0,0,0,0,1,0,0,0,0,0,0,0,0
330000,1975,7.6901736,0,7.5743942,8.1927004,6.0336137,0,0,0,0,0,0,0,0,0,0,0,0,0,0,0,0,0,0,0,0,0,1,0,0,0,0,0,0,0
330000,1976,7.7828689,0,7.6009722,8.2059889,6.0507236,0,0,0,0,0,0,0,0,0,0,0,0,0,0,0,0,0,0,0,0,0,0,1,0,0,0,0,0,0
330000,1977,7.6784372,0,7.5660381,8.2180052,6.0384674,0,0,0,0,0,0,0,0,0,0,0,0,0,0,0,0,0,0,0,0,0,0,0,1,0,0,0,0,0
330000,1978,7.700438,0,7.5977831,8.2297668,6.0614572,0,0,0,0,0,0,0,0,0,0,0,0,0,0,0,0,0,0,0,0,0,0,0,0,1,0,0,0,0
330000,1979,7.777112,0,7.6112819,8.240736,6.1307044,0,0,0,0,0,0,0,0,0,0,0,0,0,0,0,0,0,0,0,0,0,0,0,0,0,1,0,0,0
330000,1980,7.782918,0,7.6452756,8.2497263,6.174161,0,0,0,0,0,0,0,0,0,0,0,0,0,0,0,0,0,0,0,0,0,0,0,0,0,0,1,0,0
330000,1981,7.7354608,0,7.5925775,8.2614002,6.2333708,0,0,0,0,0,0,0,0,0,0,0,0,0,0,0,0,0,0,0,0,0,0,0,0,0,0,0,1,0
330000,1982,7.8239627,0,7.6470146,8.2749481,6.2851224,0,0,0,0,0,0,0,0,0,0,0,0,0,0,0,0,0,0,0,0,0,0,0,0,0,0,0,0,1
340000,1953,8.5349464,0,6.7255812,8.0281286,5.3327188,0,0,0,0,0,0,0,0,0,0,0,0,0,0,0,0,0,0,0,0,0,0,0,0,0,0,0,0,0
340000,1954,8.220355,0,6.3892293,8.0548401,5.659482,1,0,0,0,0,0,0,0,0,0,0,0,0,0,0,0,0,0,0,0,0,0,0,0,0,0,0,0,0
340000,1955,8.4253902,0,6.8950019,8.0712185,5.5909872,0,1,0,0,0,0,0,0,0,0,0,0,0,0,0,0,0,0,0,0,0,0,0,0,0,0,0,0,0
340000,1956,7.9899435,0,6.7489147,8.0842543,5.7104268,0,0,1,0,0,0,0,0,0,0,0,0,0,0,0,0,0,0,0,0,0,0,0,0,0,0,0,0,0
340000,1957,8.324708,0,6.7381048,8.1128273,5.8749309,0,0,0,1,0,0,0,0,0,0,0,0,0,0,0,0,0,0,0,0,0,0,0,0,0,0,0,0,0
340000,1958,8.6437845,6.669538,0,8.1297646,6.1862087,0,0,0,0,1,0,0,0,0,0,0,0,0,0,0,0,0,0,0,0,0,0,0,0,0,0,0,0,0
340000,1959,10.064857,6.6219425,0,8.1394405,6.4068799,0,0,0,0,0,1,0,0,0,0,0,0,0,0,0,0,0,0,0,0,0,0,0,0,0,0,0,0,0
340000,1960,7.8111119,6.4163184,0,8.0205994,6.2105999,0,0,0,0,0,0,1,0,0,0,0,0,0,0,0,0,0,0,0,0,0,0,0,0,0,0,0,0,0
340000,1961,7.8075604,0,6.3605199,8.0023594,6.0822191,0,0,0,0,0,0,0,1,0,0,0,0,0,0,0,0,0,0,0,0,0,0,0,0,0,0,0,0,0
340000,1962,7.8168716,0,6.3444276,8.050065,5.9584246,0,0,0,0,0,0,0,0,1,0,0,0,0,0,0,0,0,0,0,0,0,0,0,0,0,0,0,0,0
340000,1963,7.9300337,0,6.4724007,8.0808563,5.9584246,0,0,0,0,0,0,0,0,0,1,0,0,0,0,0,0,0,0,0,0,0,0,0,0,0,0,0,0,0
340000,1964,7.7419868,0,6.6957374,8.0649509,5.9558372,0,0,0,0,0,0,0,0,0,0,1,0,0,0,0,0,0,0,0,0,0,0,0,0,0,0,0,0,0
340000,1965,7.7577491,0,6.5901937,8.0974264,5.9839363,0,0,0,0,0,0,0,0,0,0,0,1,0,0,0,0,0,0,0,0,0,0,0,0,0,0,0,0,0
340000,1966,7.7754827,0,6.8656392,8.1335878,6.0063534,0,0,0,0,0,0,0,0,0,0,0,0,1,0,0,0,0,0,0,0,0,0,0,0,0,0,0,0,0
340000,1967,7.7916474,0,6.8200703,8.1670685,6.0282784,0,0,0,0,0,0,0,0,0,0,0,0,0,1,0,0,0,0,0,0,0,0,0,0,0,0,0,0,0
340000,1968,7.8084517,0,6.8890071,8.2000141,6.025866,0,0,0,0,0,0,0,0,0,0,0,0,0,0,1,0,0,0,0,0,0,0,0,0,0,0,0,0,0
340000,1969,7.7942009,0,6.7039952,8.2327061,5.9964519,0,0,0,0,0,0,0,0,0,0,0,0,0,0,0,1,0,0,0,0,0,0,0,0,0,0,0,0,0
340000,1970,7.7529969,0,7.0457449,8.2789364,6.0354815,0,0,0,0,0,0,0,0,0,0,0,0,0,0,0,0,1,0,0,0,0,0,0,0,0,0,0,0,0
340000,1971,7.8935847,0,7.0077128,8.3121347,6.0844994,0,0,0,0,0,0,0,0,0,0,0,0,0,0,0,0,0,1,0,0,0,0,0,0,0,0,0,0,0
340000,1972,7.8217258,0,7.2406545,8.3426018,6.1070228,0,0,0,0,0,0,0,0,0,0,0,0,0,0,0,0,0,0,1,0,0,0,0,0,0,0,0,0,0
340000,1973,7.8099499,0,7.25354,8.3703156,6.1312265,0,0,0,0,0,0,0,0,0,0,0,0,0,0,0,0,0,0,0,1,0,0,0,0,0,0,0,0,0
340000,1974,7.8257694,0,7.3293948,8.3914032,6.1398845,0,0,0,0,0,0,0,0,0,0,0,0,0,0,0,0,0,0,0,0,1,0,0,0,0,0,0,0,0
340000,1975,7.814033,0,7.2821102,8.4100533,6.1590953,0,0,0,0,0,0,0,0,0,0,0,0,0,0,0,0,0,0,0,0,0,1,0,0,0,0,0,0,0
340000,1976,7.8304319,0,7.3958015,8.4246387,6.1737862,0,0,0,0,0,0,0,0,0,0,0,0,0,0,0,0,0,0,0,0,0,0,1,0,0,0,0,0,0
340000,1977,7.7017355,0,7.3166203,8.4398804,6.1800165,0,0,0,0,0,0,0,0,0,0,0,0,0,0,0,0,0,0,0,0,0,0,0,1,0,0,0,0,0
340000,1978,7.7009273,0,7.368844,8.4580803,6.2225761,0,0,0,0,0,0,0,0,0,0,0,0,0,0,0,0,0,0,0,0,0,0,0,0,1,0,0,0,0
340000,1979,7.7048054,0,7.4437475,8.4769964,6.2728772,0,0,0,0,0,0,0,0,0,0,0,0,0,0,0,0,0,0,0,0,0,0,0,0,0,1,0,0,0
340000,1980,7.7636728,0,7.439199,8.4955606,6.3207684,0,0,0,0,0,0,0,0,0,0,0,0,0,0,0,0,0,0,0,0,0,0,0,0,0,0,1,0,0
340000,1981,7.7704115,0,7.4428267,8.5085564,6.3851943,0,0,0,0,0,0,0,0,0,0,0,0,0,0,0,0,0,0,0,0,0,0,0,0,0,0,0,1,0
340000,1982,7.8817291,0,7.4869633,8.5203876,6.4134588,0,0,0,0,0,0,0,0,0,0,0,0,0,0,0,0,0,0,0,0,0,0,0,0,0,0,0,0,1
350000,1953,7.2563972,0,5.5037861,7.1720562,5.0284753,0,0,0,0,0,0,0,0,0,0,0,0,0,0,0,0,0,0,0,0,0,0,0,0,0,0,0,0,0
350000,1954,7.2356443,0,5.4777489,7.1993122,5.1375618,1,0,0,0,0,0,0,0,0,0,0,0,0,0,0,0,0,0,0,0,0,0,0,0,0,0,0,0,0
350000,1955,7.2398982,0,5.5637493,7.2200956,5.2439141,0,1,0,0,0,0,0,0,0,0,0,0,0,0,0,0,0,0,0,0,0,0,0,0,0,0,0,0,0
350000,1956,7.224339,0,5.9804692,7.2445416,5.5120974,0,0,1,0,0,0,0,0,0,0,0,0,0,0,0,0,0,0,0,0,0,0,0,0,0,0,0,0,0
350000,1957,7.2223597,0,5.8191633,7.2810483,5.3754172,0,0,0,1,0,0,0,0,0,0,0,0,0,0,0,0,0,0,0,0,0,0,0,0,0,0,0,0,0
350000,1958,7.5287356,5.6990366,0,7.3087974,5.6538916,0,0,0,0,1,0,0,0,0,0,0,0,0,0,0,0,0,0,0,0,0,0,0,0,0,0,0,0,0
350000,1959,8.0690651,5.3923554,0,7.3415165,5.7709737,0,0,0,0,0,1,0,0,0,0,0,0,0,0,0,0,0,0,0,0,0,0,0,0,0,0,0,0,0
350000,1960,7.8298769,5.4126744,0,7.3604984,5.8637166,0,0,0,0,0,0,1,0,0,0,0,0,0,0,0,0,0,0,0,0,0,0,0,0,0,0,0,0,0
350000,1961,7.5291104,0,5.516026,7.376389,5.7649717,0,0,0,0,0,0,0,1,0,0,0,0,0,0,0,0,0,0,0,0,0,0,0,0,0,0,0,0,0
350000,1962,7.3339591,0,5.61233,7.4022379,5.6594472,0,0,0,0,0,0,0,0,1,0,0,0,0,0,0,0,0,0,0,0,0,0,0,0,0,0,0,0,0
350000,1963,7.2840147,0,5.8501606,7.4255786,5.6479526,0,0,0,0,0,0,0,0,0,1,0,0,0,0,0,0,0,0,0,0,0,0,0,0,0,0,0,0,0
350000,1964,7.2070642,0,5.7955618,7.440258,5.6333957,0,0,0,0,0,0,0,0,0,0,1,0,0,0,0,0,0,0,0,0,0,0,0,0,0,0,0,0,0
350000,1965,7.2076645,0,5.7849135,7.4729328,5.660666,0,0,0,0,0,0,0,0,0,0,0,1,0,0,0,0,0,0,0,0,0,0,0,0,0,0,0,0,0
350000,1966,7.1993017,0,6.2374797,7.5031133,5.6881948,0,0,0,0,0,0,0,0,0,0,0,0,1,0,0,0,0,0,0,0,0,0,0,0,0,0,0,0,0
350000,1967,7.2263098,0,6.2702136,7.5287671,5.7055144,0,0,0,0,0,0,0,0,0,0,0,0,0,1,0,0,0,0,0,0,0,0,0,0,0,0,0,0,0
350000,1968,7.2007461,0,6.3491116,7.5588508,5.7410784,0,0,0,0,0,0,0,0,0,0,0,0,0,0,1,0,0,0,0,0,0,0,0,0,0,0,0,0,0
350000,1969,7.228529,0,6.2306781,7.5880656,5.6949434,0,0,0,0,0,0,0,0,0,0,0,0,0,0,0,1,0,0,0,0,0,0,0,0,0,0,0,0,0
350000,1970,7.2498918,0,6.4453282,7.6151752,5.6538568,0,0,0,0,0,0,0,0,0,0,0,0,0,0,0,0,1,0,0,0,0,0,0,0,0,0,0,0,0
350000,1971,7.2708044,0,6.426558,7.6447711,5.6913052,0,0,0,0,0,0,0,0,0,0,0,0,0,0,0,0,0,1,0,0,0,0,0,0,0,0,0,0,0
350000,1972,7.2849312,0,6.370163,7.6735392,5.700243,0,0,0,0,0,0,0,0,0,0,0,0,0,0,0,0,0,0,1,0,0,0,0,0,0,0,0,0,0
350000,1973,7.3019471,0,6.3968153,7.7009335,5.7321105,0,0,0,0,0,0,0,0,0,0,0,0,0,0,0,0,0,0,0,1,0,0,0,0,0,0,0,0,0
350000,1974,7.3036489,0,6.4446983,7.7221994,5.7472568,0,0,0,0,0,0,0,0,0,0,0,0,0,0,0,0,0,0,0,0,1,0,0,0,0,0,0,0,0
350000,1975,7.3250484,0,6.4731159,7.7451196,5.7598476,0,0,0,0,0,0,0,0,0,0,0,0,0,0,0,0,0,0,0,0,0,1,0,0,0,0,0,0,0
350000,1976,7.3456311,0,6.6288366,7.7672257,5.7809286,0,0,0,0,0,0,0,0,0,0,0,0,0,0,0,0,0,0,0,0,0,0,1,0,0,0,0,0,0
350000,1977,7.3274264,0,6.7040815,7.7878757,5.7919459,0,0,0,0,0,0,0,0,0,0,0,0,0,0,0,0,0,0,0,0,0,0,0,1,0,0,0,0,0
350000,1978,7.3397584,0,6.51262,7.8049731,5.8174386,0,0,0,0,0,0,0,0,0,0,0,0,0,0,0,0,0,0,0,0,0,0,0,0,1,0,0,0,0
350000,1979,7.3523974,0,6.7245708,7.8192062,5.8724556,0,0,0,0,0,0,0,0,0,0,0,0,0,0,0,0,0,0,0,0,0,0,0,0,0,1,0,0,0
350000,1980,7.3611293,0,6.5959797,7.8311329,5.9044075,0,0,0,0,0,0,0,0,0,0,0,0,0,0,0,0,0,0,0,0,0,0,0,0,0,0,1,0,0
350000,1981,7.3924208,0,6.6402369,7.8465509,5.9424582,0,0,0,0,0,0,0,0,0,0,0,0,0,0,0,0,0,0,0,0,0,0,0,0,0,0,0,1,0
350000,1982,7.4043622,0,6.6474357,7.8648119,5.9718485,0,0,0,0,0,0,0,0,0,0,0,0,0,0,0,0,0,0,0,0,0,0,0,0,0,0,0,0,1
360000,1953,7.7827148,0,6.550354,7.4355855,5.4899702,0,0,0,0,0,0,0,0,0,0,0,0,0,0,0,0,0,0,0,0,0,0,0,0,0,0,0,0,0
360000,1954,7.9400024,0,6.1577768,7.4557261,5.5436139,1,0,0,0,0,0,0,0,0,0,0,0,0,0,0,0,0,0,0,0,0,0,0,0,0,0,0,0,0
360000,1955,7.697331,0,6.1518502,7.4749875,5.5184164,0,1,0,0,0,0,0,0,0,0,0,0,0,0,0,0,0,0,0,0,0,0,0,0,0,0,0,0,0
360000,1956,7.6335464,0,6.4255242,7.4955254,5.5417733,0,0,1,0,0,0,0,0,0,0,0,0,0,0,0,0,0,0,0,0,0,0,0,0,0,0,0,0,0
360000,1957,7.6494756,0,6.3798294,7.5237246,5.5808611,0,0,0,1,0,0,0,0,0,0,0,0,0,0,0,0,0,0,0,0,0,0,0,0,0,0,0,0,0
360000,1958,7.8195038,6.7221918,0,7.5563703,5.8014836,0,0,0,0,1,0,0,0,0,0,0,0,0,0,0,0,0,0,0,0,0,0,0,0,0,0,0,0,0
360000,1959,8.062561,6.3255463,0,7.5888147,5.8663831,0,0,0,0,0,1,0,0,0,0,0,0,0,0,0,0,0,0,0,0,0,0,0,0,0,0,0,0,0
360000,1960,7.7490497,6.2536502,0,7.6058154,5.9935622,0,0,0,0,0,0,1,0,0,0,0,0,0,0,0,0,0,0,0,0,0,0,0,0,0,0,0,0,0
360000,1961,7.7074838,0,6.5655375,7.6121736,5.854126,0,0,0,0,0,0,0,1,0,0,0,0,0,0,0,0,0,0,0,0,0,0,0,0,0,0,0,0,0
360000,1962,7.5963683,0,6.3985872,7.6206608,5.7349582,0,0,0,0,0,0,0,0,1,0,0,0,0,0,0,0,0,0,0,0,0,0,0,0,0,0,0,0,0
360000,1963,7.7336044,0,6.479507,7.6501832,5.8230457,0,0,0,0,0,0,0,0,0,1,0,0,0,0,0,0,0,0,0,0,0,0,0,0,0,0,0,0,0
360000,1964,7.607316,0,6.6797752,7.6702557,5.8006067,0,0,0,0,0,0,0,0,0,0,1,0,0,0,0,0,0,0,0,0,0,0,0,0,0,0,0,0,0
360000,1965,7.5427155,0,6.6521964,7.7005396,5.8492093,0,0,0,0,0,0,0,0,0,0,0,1,0,0,0,0,0,0,0,0,0,0,0,0,0,0,0,0,0
360000,1966,7.5128837,0,6.5160308,7.73353,5.8965216,0,0,0,0,0,0,0,0,0,0,0,0,1,0,0,0,0,0,0,0,0,0,0,0,0,0,0,0,0
360000,1967,7.4856324,0,6.8271756,7.7640243,5.9240417,0,0,0,0,0,0,0,0,0,0,0,0,0,1,0,0,0,0,0,0,0,0,0,0,0,0,0,0,0
360000,1968,7.495048,0,6.6635556,7.7907619,5.7823782,0,0,0,0,0,0,0,0,0,0,0,0,0,0,1,0,0,0,0,0,0,0,0,0,0,0,0,0,0
360000,1969,7.6225953,0,6.8317294,7.8259363,5.8418036,0,0,0,0,0,0,0,0,0,0,0,0,0,0,0,1,0,0,0,0,0,0,0,0,0,0,0,0,0
360000,1970,7.6982956,0,6.9587698,7.8572912,5.8761659,0,0,0,0,0,0,0,0,0,0,0,0,0,0,0,0,1,0,0,0,0,0,0,0,0,0,0,0,0
360000,1971,7.6100645,0,6.9329877,7.8831863,5.9475389,0,0,0,0,0,0,0,0,0,0,0,0,0,0,0,0,0,1,0,0,0,0,0,0,0,0,0,0,0
360000,1972,7.6178031,0,6.9876866,7.909493,5.98313,0,0,0,0,0,0,0,0,0,0,0,0,0,0,0,0,0,0,1,0,0,0,0,0,0,0,0,0,0
360000,1973,7.700305,0,7.0250101,7.9411035,6.0237865,0,0,0,0,0,0,0,0,0,0,0,0,0,0,0,0,0,0,0,1,0,0,0,0,0,0,0,0,0
360000,1974,7.7465258,0,7.1213007,7.96842,6.0352182,0,0,0,0,0,0,0,0,0,0,0,0,0,0,0,0,0,0,0,0,1,0,0,0,0,0,0,0,0
360000,1975,7.7447934,0,6.8128762,7.995822,6.0550027,0,0,0,0,0,0,0,0,0,0,0,0,0,0,0,0,0,0,0,0,0,1,0,0,0,0,0,0,0
360000,1976,7.8016634,0,7.1666093,8.0223103,6.0834513,0,0,0,0,0,0,0,0,0,0,0,0,0,0,0,0,0,0,0,0,0,0,1,0,0,0,0,0,0
360000,1977,7.7424898,0,7.1144242,8.0449467,6.1023798,0,0,0,0,0,0,0,0,0,0,0,0,0,0,0,0,0,0,0,0,0,0,0,1,0,0,0,0,0
360000,1978,7.7411771,0,7.1501632,8.0655231,6.1300521,0,0,0,0,0,0,0,0,0,0,0,0,0,0,0,0,0,0,0,0,0,0,0,0,1,0,0,0,0
360000,1979,7.6305046,0,7.2084446,8.0799217,6.175077,0,0,0,0,0,0,0,0,0,0,0,0,0,0,0,0,0,0,0,0,0,0,0,0,0,1,0,0,0
360000,1980,7.6679583,0,7.1183271,8.0926065,6.2306585,0,0,0,0,0,0,0,0,0,0,0,0,0,0,0,0,0,0,0,0,0,0,0,0,0,0,1,0,0
360000,1981,7.6036386,0,6.8619828,8.1028652,6.2927165,0,0,0,0,0,0,0,0,0,0,0,0,0,0,0,0,0,0,0,0,0,0,0,0,0,0,0,1,0
360000,1982,7.9214239,0,7.2014756,8.1162233,6.3159366,0,0,0,0,0,0,0,0,0,0,0,0,0,0,0,0,0,0,0,0,0,0,0,0,0,0,0,0,1
370000,1953,8.6588802,0,6.9716082,8.5018768,5.7170277,0,0,0,0,0,0,0,0,0,0,0,0,0,0,0,0,0,0,0,0,0,0,0,0,0,0,0,0,0
370000,1954,8.84235,0,7.0785403,8.5275393,5.768321,1,0,0,0,0,0,0,0,0,0,0,0,0,0,0,0,0,0,0,0,0,0,0,0,0,0,0,0,0
370000,1955,8.7420216,0,6.9123287,8.5514011,5.9348941,0,1,0,0,0,0,0,0,0,0,0,0,0,0,0,0,0,0,0,0,0,0,0,0,0,0,0,0,0
370000,1956,8.7577457,0,7.0793467,8.5671253,5.9532433,0,0,1,0,0,0,0,0,0,0,0,0,0,0,0,0,0,0,0,0,0,0,0,0,0,0,0,0,0
370000,1957,8.8360014,0,7.0632324,8.5891418,6.0799332,0,0,0,1,0,0,0,0,0,0,0,0,0,0,0,0,0,0,0,0,0,0,0,0,0,0,0,0,0
370000,1958,9.1401367,7.1455898,0,8.5412998,6.4167323,0,0,0,0,1,0,0,0,0,0,0,0,0,0,0,0,0,0,0,0,0,0,0,0,0,0,0,0,0
370000,1959,9.4478035,7.072228,0,8.5891418,6.3613024,0,0,0,0,0,1,0,0,0,0,0,0,0,0,0,0,0,0,0,0,0,0,0,0,0,0,0,0,0
370000,1960,9.1638689,6.856195,0,8.5541039,6.302619,0,0,0,0,0,0,1,0,0,0,0,0,0,0,0,0,0,0,0,0,0,0,0,0,0,0,0,0,0
370000,1961,8.7594566,0,6.910079,8.5688362,6.1333981,0,0,0,0,0,0,0,1,0,0,0,0,0,0,0,0,0,0,0,0,0,0,0,0,0,0,0,0,0
370000,1962,8.764472,0,7.0463839,8.5989571,6.0185933,0,0,0,0,0,0,0,0,1,0,0,0,0,0,0,0,0,0,0,0,0,0,0,0,0,0,0,0,0
370000,1963,8.8101616,0,6.9593925,8.62784,6.0730443,0,0,0,0,0,0,0,0,0,1,0,0,0,0,0,0,0,0,0,0,0,0,0,0,0,0,0,0,0
370000,1964,8.6513958,0,7.0121469,8.6315928,6.0980744,0,0,0,0,0,0,0,0,0,0,1,0,0,0,0,0,0,0,0,0,0,0,0,0,0,0,0,0,0
370000,1965,8.6400986,0,7.1914701,8.6501493,6.1158919,0,0,0,0,0,0,0,0,0,0,0,1,0,0,0,0,0,0,0,0,0,0,0,0,0,0,0,0,0
370000,1966,8.5690069,0,7.3693414,8.6743679,6.1158919,0,0,0,0,0,0,0,0,0,0,0,0,1,0,0,0,0,0,0,0,0,0,0,0,0,0,0,0,0
370000,1967,8.4710236,0,7.4161468,8.6941671,6.1180973,0,0,0,0,0,0,0,0,0,0,0,0,0,1,0,0,0,0,0,0,0,0,0,0,0,0,0,0,0
370000,1968,8.2982311,0,7.3258605,8.7137461,6.1202974,0,0,0,0,0,0,0,0,0,0,0,0,0,0,1,0,0,0,0,0,0,0,0,0,0,0,0,0,0
370000,1969,8.4293919,0,7.4031134,8.742734,6.1246834,0,0,0,0,0,0,0,0,0,0,0,0,0,0,0,1,0,0,0,0,0,0,0,0,0,0,0,0,0
370000,1970,8.5232592,0,7.2886233,8.7704391,5.1647859,0,0,0,0,0,0,0,0,0,0,0,0,0,0,0,0,1,0,0,0,0,0,0,0,0,0,0,0,0
370000,1971,8.5233917,0,7.4825764,8.7899647,6.2728772,0,0,0,0,0,0,0,0,0,0,0,0,0,0,0,0,0,1,0,0,0,0,0,0,0,0,0,0,0
370000,1972,8.4420385,0,7.5439239,8.8073225,6.2653012,0,0,0,0,0,0,0,0,0,0,0,0,0,0,0,0,0,0,1,0,0,0,0,0,0,0,0,0,0
370000,1973,8.4993019,0,7.4687185,8.8236475,6.2952662,0,0,0,0,0,0,0,0,0,0,0,0,0,0,0,0,0,0,0,1,0,0,0,0,0,0,0,0,0
370000,1974,8.5521021,0,7.5582762,8.8357925,6.3080983,0,0,0,0,0,0,0,0,0,0,0,0,0,0,0,0,0,0,0,0,1,0,0,0,0,0,0,0,0
370000,1975,8.5790167,0,7.6393189,8.849514,6.3332796,0,0,0,0,0,0,0,0,0,0,0,0,0,0,0,0,0,0,0,0,0,1,0,0,0,0,0,0,0
370000,1976,8.5361156,0,7.7159591,8.8590794,6.368187,0,0,0,0,0,0,0,0,0,0,0,0,0,0,0,0,0,0,0,0,0,0,1,0,0,0,0,0,0
370000,1977,8.4369259,0,7.6594343,8.8677092,6.3835068,0,0,0,0,0,0,0,0,0,0,0,0,0,0,0,0,0,0,0,0,0,0,0,1,0,0,0,0,0
370000,1978,8.390132,0,7.637681,8.8762655,6.4409466,0,0,0,0,0,0,0,0,0,0,0,0,0,0,0,0,0,0,0,0,0,0,0,0,1,0,0,0,0
370000,1979,8.3919744,0,7.8008614,8.8862705,6.4937539,0,0,0,0,0,0,0,0,0,0,0,0,0,0,0,0,0,0,0,0,0,0,0,0,0,1,0,0,0
370000,1980,8.4024229,0,7.7128363,8.8950815,6.5381398,0,0,0,0,0,0,0,0,0,0,0,0,0,0,0,0,0,0,0,0,0,0,0,0,0,0,1,0,0
370000,1981,8.4142628,0,7.6784143,8.9085598,6.6012301,0,0,0,0,0,0,0,0,0,0,0,0,0,0,0,0,0,0,0,0,0,0,0,0,0,0,0,1,0
370000,1982,8.3891277,0,7.767602,8.9218578,6.6515718,0,0,0,0,0,0,0,0,0,0,0,0,0,0,0,0,0,0,0,0,0,0,0,0,0,0,0,0,1
410000,1953,8.6817074,0,6.8210583,8.3950253,5.7037826,0,0,0,0,0,0,0,0,0,0,0,0,0,0,0,0,0,0,0,0,0,0,0,0,0,0,0,0,0
410000,1954,8.5863457,0,7.0052223,8.4250774,5.8464389,1,0,0,0,0,0,0,0,0,0,0,0,0,0,0,0,0,0,0,0,0,0,0,0,0,0,0,0,0
410000,1955,8.7815247,0,6.8705101,8.4450521,5.9215784,0,1,0,0,0,0,0,0,0,0,0,0,0,0,0,0,0,0,0,0,0,0,0,0,0,0,0,0,0
410000,1956,8.6278286,0,7.0744877,8.4623146,5.7397928,0,0,1,0,0,0,0,0,0,0,0,0,0,0,0,0,0,0,0,0,0,0,0,0,0,0,0,0,0
410000,1957,8.7228994,0,6.9909792,8.4846697,5.8406415,0,0,0,1,0,0,0,0,0,0,0,0,0,0,0,0,0,0,0,0,0,0,0,0,0,0,0,0,0
410000,1958,8.8493176,7.0762782,0,8.5057278,6.1224928,0,0,0,0,1,0,0,0,0,0,0,0,0,0,0,0,0,0,0,0,0,0,0,0,0,0,0,0,0
410000,1959,9.8882179,7.0540977,0,8.5129843,6.2225761,0,0,0,0,0,1,0,0,0,0,0,0,0,0,0,0,0,0,0,0,0,0,0,0,0,0,0,0,0
410000,1960,8.499917,6.8834305,0,8.480114,6.2766433,0,0,0,0,0,0,1,0,0,0,0,0,0,0,0,0,0,0,0,0,0,0,0,0,0,0,0,0,0
410000,1961,8.2588396,0,6.9401755,8.4769964,6.0161572,0,0,0,0,0,0,0,1,0,0,0,0,0,0,0,0,0,0,0,0,0,0,0,0,0,0,0,0,0
410000,1962,8.4464312,0,7.0303984,8.5051203,5.9107966,0,0,0,0,0,0,0,0,1,0,0,0,0,0,0,0,0,0,0,0,0,0,0,0,0,0,0,0,0
410000,1963,8.5835791,0,6.4824781,8.5243673,5.9584246,0,0,0,0,0,0,0,0,0,1,0,0,0,0,0,0,0,0,0,0,0,0,0,0,0,0,0,0,0
410000,1964,8.3683805,0,6.8333106,8.5367994,6.0234475,0,0,0,0,0,0,0,0,0,0,1,0,0,0,0,0,0,0,0,0,0,0,0,0,0,0,0,0,0
410000,1965,8.370492,0,6.9977956,8.5640764,6.0544395,0,0,0,0,0,0,0,0,0,0,0,1,0,0,0,0,0,0,0,0,0,0,0,0,0,0,0,0,0
410000,1966,8.4395723,0,7.2636051,8.5915585,6.059123,0,0,0,0,0,0,0,0,0,0,0,0,1,0,0,0,0,0,0,0,0,0,0,0,0,0,0,0,0
410000,1967,8.3793182,0,7.3208084,8.6137753,6.0614572,0,0,0,0,0,0,0,0,0,0,0,0,0,1,0,0,0,0,0,0,0,0,0,0,0,0,0,0,0
410000,1968,8.3009796,0,6.9587831,8.6420622,6.0544395,0,0,0,0,0,0,0,0,0,0,0,0,0,0,1,0,0,0,0,0,0,0,0,0,0,0,0,0,0
410000,1969,8.4027834,0,7.0300245,8.6759052,6.0544395,0,0,0,0,0,0,0,0,0,0,0,0,0,0,0,1,0,0,0,0,0,0,0,0,0,0,0,0,0
410000,1970,8.4108086,0,7.2777386,8.7038383,6.1136823,0,0,0,0,0,0,0,0,0,0,0,0,0,0,0,0,1,0,0,0,0,0,0,0,0,0,0,0,0
410000,1971,8.398818,0,7.42272,8.7314978,6.2499752,0,0,0,0,0,0,0,0,0,0,0,0,0,0,0,0,0,1,0,0,0,0,0,0,0,0,0,0,0
410000,1972,8.4364357,0,7.4925456,8.7552652,6.2186003,0,0,0,0,0,0,0,0,0,0,0,0,0,0,0,0,0,0,1,0,0,0,0,0,0,0,0,0,0
410000,1973,8.486455,0,7.5615911,8.7821693,6.2422233,0,0,0,0,0,0,0,0,0,0,0,0,0,0,0,0,0,0,0,1,0,0,0,0,0,0,0,0,0
410000,1974,8.5353479,0,7.5529609,8.8019209,6.251904,0,0,0,0,0,0,0,0,0,0,0,0,0,0,0,0,0,0,0,0,1,0,0,0,0,0,0,0,0
410000,1975,8.4871969,0,7.4651041,8.8184824,6.2633982,0,0,0,0,0,0,0,0,0,0,0,0,0,0,0,0,0,0,0,0,0,1,0,0,0,0,0,0,0
410000,1976,8.4813194,0,7.690937,8.8322954,6.2841344,0,0,0,0,0,0,0,0,0,0,0,0,0,0,0,0,0,0,0,0,0,0,1,0,0,0,0,0,0
410000,1977,8.3854685,0,7.5987306,8.8475037,6.302619,0,0,0,0,0,0,0,0,0,0,0,0,0,0,0,0,0,0,0,0,0,0,0,1,0,0,0,0,0
410000,1978,8.4090614,0,7.6741428,8.8631916,6.3456364,0,0,0,0,0,0,0,0,0,0,0,0,0,0,0,0,0,0,0,0,0,0,0,0,1,0,0,0,0
410000,1979,8.4214411,0,7.7205267,8.8803072,6.4536252,0,0,0,0,0,0,0,0,0,0,0,0,0,0,0,0,0,0,0,0,0,0,0,0,0,1,0,0,0
410000,1980,8.4735012,0,7.6807427,8.8935728,6.5176711,0,0,0,0,0,0,0,0,0,0,0,0,0,0,0,0,0,0,0,0,0,0,0,0,0,0,1,0,0
410000,1981,8.4324055,0,7.7147808,8.9088297,6.5694814,0,0,0,0,0,0,0,0,0,0,0,0,0,0,0,0,0,0,0,0,0,0,0,0,0,0,0,1,0
410000,1982,8.4631529,0,7.5810719,8.9251881,6.616065,0,0,0,0,0,0,0,0,0,0,0,0,0,0,0,0,0,0,0,0,0,0,0,0,0,0,0,0,1
420000,1953,8.4017172,0,6.7645688,7.9398718,5.8141303,0,0,0,0,0,0,0,0,0,0,0,0,0,0,0,0,0,0,0,0,0,0,0,0,0,0,0,0,0
420000,1954,8.10888,0,6.7419057,7.9604597,5.889349,1,0,0,0,0,0,0,0,0,0,0,0,0,0,0,0,0,0,0,0,0,0,0,0,0,0,0,0,0
420000,1955,8.054451,0,6.9044981,7.9765644,5.9637852,0,1,0,0,0,0,0,0,0,0,0,0,0,0,0,0,0,0,0,0,0,0,0,0,0,0,0,0,0
420000,1956,7.954278,0,6.9683313,7.9940586,5.9520998,0,0,1,0,0,0,0,0,0,0,0,0,0,0,0,0,0,0,0,0,0,0,0,0,0,0,0,0,0
420000,1957,7.9861355,0,6.9453278,8.0269575,6.0442467,0,0,0,1,0,0,0,0,0,0,0,0,0,0,0,0,0,0,0,0,0,0,0,0,0,0,0,0,0
420000,1958,8.424592,6.9692984,0,8.0537186,6.1086917,0,0,0,0,1,0,0,0,0,0,0,0,0,0,0,0,0,0,0,0,0,0,0,0,0,0,0,0,0
420000,1959,8.8143644,6.8663955,0,8.0624771,6.2677126,0,0,0,0,0,1,0,0,0,0,0,0,0,0,0,0,0,0,0,0,0,0,0,0,0,0,0,0,0
420000,1960,7.9593353,6.9739032,0,8.0558462,6.3292933,0,0,0,0,0,0,1,0,0,0,0,0,0,0,0,0,0,0,0,0,0,0,0,0,0,0,0,0,0
420000,1961,7.9343185,0,6.9506793,8.065567,6.1958332,0,0,0,0,0,0,0,1,0,0,0,0,0,0,0,0,0,0,0,0,0,0,0,0,0,0,0,0,0
420000,1962,8.0766001,0,6.9006133,8.0937462,6.1324649,0,0,0,0,0,0,0,0,1,0,0,0,0,0,0,0,0,0,0,0,0,0,0,0,0,0,0,0,0
420000,1963,8.206583,0,6.9356332,8.1167421,6.1554947,0,0,0,0,0,0,0,0,0,1,0,0,0,0,0,0,0,0,0,0,0,0,0,0,0,0,0,0,0
420000,1964,8.1408062,0,7.055635,8.1368141,6.174036,0,0,0,0,0,0,0,0,0,0,1,0,0,0,0,0,0,0,0,0,0,0,0,0,0,0,0,0,0
420000,1965,8.1292915,0,7.0463719,8.1618147,6.1943235,0,0,0,0,0,0,0,0,0,0,0,1,0,0,0,0,0,0,0,0,0,0,0,0,0,0,0,0,0
420000,1966,8.1454754,0,7.058619,8.1894274,6.2173047,0,0,0,0,0,0,0,0,0,0,0,0,1,0,0,0,0,0,0,0,0,0,0,0,0,0,0,0,0
420000,1967,8.0514879,0,7.0856228,8.2128315,6.2433124,0,0,0,0,0,0,0,0,0,0,0,0,0,1,0,0,0,0,0,0,0,0,0,0,0,0,0,0,0
420000,1968,8.0362892,0,7.0955534,8.244544,6.2460294,0,0,0,0,0,0,0,0,0,0,0,0,0,0,1,0,0,0,0,0,0,0,0,0,0,0,0,0,0
420000,1969,8.0130787,0,7.0580559,8.2744436,6.2352533,0,0,0,0,0,0,0,0,0,0,0,0,0,0,0,1,0,0,0,0,0,0,0,0,0,0,0,0,0
420000,1970,8.1251898,0,7.1229801,8.3007345,6.2543864,0,0,0,0,0,0,0,0,0,0,0,0,0,0,0,0,1,0,0,0,0,0,0,0,0,0,0,0,0
420000,1971,8.1365547,0,7.1579452,8.3265047,6.4022489,0,0,0,0,0,0,0,0,0,0,0,0,0,0,0,0,0,1,0,0,0,0,0,0,0,0,0,0,0
420000,1972,8.0929585,0,7.2508411,8.3465614,6.3515139,0,0,0,0,0,0,0,0,0,0,0,0,0,0,0,0,0,0,1,0,0,0,0,0,0,0,0,0,0
420000,1973,8.1419773,0,7.2513609,8.3651209,6.3640275,0,0,0,0,0,0,0,0,0,0,0,0,0,0,0,0,0,0,0,1,0,0,0,0,0,0,0,0,0
420000,1974,8.1393957,0,7.3693833,8.3776531,6.3626313,0,0,0,0,0,0,0,0,0,0,0,0,0,0,0,0,0,0,0,0,1,0,0,0,0,0,0,0,0
420000,1975,8.103528,0,7.2869349,8.3912106,6.3983288,0,0,0,0,0,0,0,0,0,0,0,0,0,0,0,0,0,0,0,0,0,1,0,0,0,0,0,0,0
420000,1976,8.1572247,0,7.3447037,8.4044056,6.4360061,0,0,0,0,0,0,0,0,0,0,0,0,0,0,0,0,0,0,0,0,0,0,1,0,0,0,0,0,0
420000,1977,8.0597429,0,7.3589835,8.4164181,6.4692039,0,0,0,0,0,0,0,0,0,0,0,0,0,0,0,0,0,0,0,0,0,0,0,1,0,0,0,0,0
420000,1978,8.0872593,0,7.2935519,8.4283419,6.506053,0,0,0,0,0,0,0,0,0,0,0,0,0,0,0,0,0,0,0,0,0,0,0,0,1,0,0,0,0
420000,1979,8.0842371,0,7.4026289,8.4409122,6.5769429,0,0,0,0,0,0,0,0,0,0,0,0,0,0,0,0,0,0,0,0,0,0,0,0,0,1,0,0,0
420000,1980,8.1372929,0,7.3961387,8.4520035,6.6172023,0,0,0,0,0,0,0,0,0,0,0,0,0,0,0,0,0,0,0,0,0,0,0,0,0,0,1,0,0
420000,1981,8.1071911,0,7.425797,8.4638662,6.6475458,0,0,0,0,0,0,0,0,0,0,0,0,0,0,0,0,0,0,0,0,0,0,0,0,0,0,0,1,0
420000,1982,8.3373003,0,7.3175211,8.4765625,6.6727037,0,0,0,0,0,0,0,0,0,0,0,0,0,0,0,0,0,0,0,0,0,0,0,0,0,0,0,0,1
430000,1953,8.678525,0,6.790936,8.1166258,5.7414637,0,0,0,0,0,0,0,0,0,0,0,0,0,0,0,0,0,0,0,0,0,0,0,0,0,0,0,0,0
430000,1954,8.6322842,0,6.8273063,8.1400299,5.8381095,1,0,0,0,0,0,0,0,0,0,0,0,0,0,0,0,0,0,0,0,0,0,0,0,0,0,0,0,0
430000,1955,8.2933559,0,6.8854446,8.1527252,5.7457237,0,1,0,0,0,0,0,0,0,0,0,0,0,0,0,0,0,0,0,0,0,0,0,0,0,0,0,0,0
430000,1956,8.2028208,0,7.1020784,8.1626387,5.8971262,0,0,1,0,0,0,0,0,0,0,0,0,0,0,0,0,0,0,0,0,0,0,0,0,0,0,0,0,0
430000,1957,8.34231,0,7.020648,8.1895885,5.9086261,0,0,0,1,0,0,0,0,0,0,0,0,0,0,0,0,0,0,0,0,0,0,0,0,0,0,0,0,0
430000,1958,8.4702826,7.1071501,0,8.2086878,6.2420483,0,0,0,0,1,0,0,0,0,0,0,0,0,0,0,0,0,0,0,0,0,0,0,0,0,0,0,0,0
430000,1959,9.2929993,7.0416708,0,8.2139101,6.3286862,0,0,0,0,0,1,0,0,0,0,0,0,0,0,0,0,0,0,0,0,0,0,0,0,0,0,0,0,0
430000,1960,8.7386169,6.9122334,0,8.1801443,6.2194366,0,0,0,0,0,0,1,0,0,0,0,0,0,0,0,0,0,0,0,0,0,0,0,0,0,0,0,0,0
430000,1961,8.1855354,0,6.9769735,8.162796,6.0671515,0,0,0,0,0,0,0,1,0,0,0,0,0,0,0,0,0,0,0,0,0,0,0,0,0,0,0,0,0
430000,1962,8.2144289,0,6.9814711,8.1887617,5.967505,0,0,0,0,0,0,0,0,1,0,0,0,0,0,0,0,0,0,0,0,0,0,0,0,0,0,0,0,0
430000,1963,8.473278,0,6.8421946,8.2201881,6.0050716,0,0,0,0,0,0,0,0,0,1,0,0,0,0,0,0,0,0,0,0,0,0,0,0,0,0,0,0,0
430000,1964,8.3512707,0,6.9396143,8.2388353,6.0159864,0,0,0,0,0,0,0,0,0,0,1,0,0,0,0,0,0,0,0,0,0,0,0,0,0,0,0,0,0
430000,1965,8.2839975,0,7.0852175,8.2691088,6.0375366,0,0,0,0,0,0,0,0,0,0,0,1,0,0,0,0,0,0,0,0,0,0,0,0,0,0,0,0,0
430000,1966,8.2853985,0,7.1623268,8.2964592,6.0531006,0,0,0,0,0,0,0,0,0,0,0,0,1,0,0,0,0,0,0,0,0,0,0,0,0,0,0,0,0
430000,1967,8.2865276,0,7.3108511,8.3242292,6.0808482,0,0,0,0,0,0,0,0,0,0,0,0,0,1,0,0,0,0,0,0,0,0,0,0,0,0,0,0,0
430000,1968,8.2869282,0,7.180913,8.3520002,6.0485063,0,0,0,0,0,0,0,0,0,0,0,0,0,0,1,0,0,0,0,0,0,0,0,0,0,0,0,0,0
430000,1969,8.2865582,0,7.140028,8.3797712,5.996676,0,0,0,0,0,0,0,0,0,0,0,0,0,0,0,1,0,0,0,0,0,0,0,0,0,0,0,0,0
430000,1970,8.2865095,0,7.3052821,8.407548,6.0669432,0,0,0,0,0,0,0,0,0,0,0,0,0,0,0,0,1,0,0,0,0,0,0,0,0,0,0,0,0
430000,1971,8.3291855,0,7.3818178,8.4334354,6.1428757,0,0,0,0,0,0,0,0,0,0,0,0,0,0,0,0,0,1,0,0,0,0,0,0,0,0,0,0,0
430000,1972,8.2385244,0,7.4860368,8.4554367,6.1647453,0,0,0,0,0,0,0,0,0,0,0,0,0,0,0,0,0,0,1,0,0,0,0,0,0,0,0,0,0
430000,1973,8.3356924,0,7.5294333,8.4784088,6.1934047,0,0,0,0,0,0,0,0,0,0,0,0,0,0,0,0,0,0,0,1,0,0,0,0,0,0,0,0,0
430000,1974,8.3156443,0,7.4927011,8.4971657,6.2223978,0,0,0,0,0,0,0,0,0,0,0,0,0,0,0,0,0,0,0,0,1,0,0,0,0,0,0,0,0
430000,1975,8.2540989,0,7.4809155,8.5154638,6.2410359,0,0,0,0,0,0,0,0,0,0,0,0,0,0,0,0,0,0,0,0,0,1,0,0,0,0,0,0,0
430000,1976,8.2787466,0,7.500124,8.528491,6.25807,0,0,0,0,0,0,0,0,0,0,0,0,0,0,0,0,0,0,0,0,0,0,1,0,0,0,0,0,0
430000,1977,8.1840658,0,7.4516616,8.5393124,6.2663651,0,0,0,0,0,0,0,0,0,0,0,0,0,0,0,0,0,0,0,0,0,0,0,1,0,0,0,0,0
430000,1978,8.2101593,0,7.4839263,8.5498362,6.3142543,0,0,0,0,0,0,0,0,0,0,0,0,0,0,0,0,0,0,0,0,0,0,0,0,1,0,0,0,0
430000,1979,8.1868706,0,7.6729956,8.5608368,6.4077873,0,0,0,0,0,0,0,0,0,0,0,0,0,0,0,0,0,0,0,0,0,0,0,0,0,1,0,0,0
430000,1980,8.2194633,0,7.7518635,8.5718613,6.4407711,0,0,0,0,0,0,0,0,0,0,0,0,0,0,0,0,0,0,0,0,0,0,0,0,0,0,1,0,0
430000,1981,8.1966448,0,7.6428342,8.5867281,6.4864349,0,0,0,0,0,0,0,0,0,0,0,0,0,0,0,0,0,0,0,0,0,0,0,0,0,0,0,1,0
430000,1982,8.2166252,0,7.7404199,8.6037598,6.5034194,0,0,0,0,0,0,0,0,0,0,0,0,0,0,0,0,0,0,0,0,0,0,0,0,0,0,0,0,1
440000,1953,8.1139259,0,6.7832184,8.000598,6.1605744,0,0,0,0,0,0,0,0,0,0,0,0,0,0,0,0,0,0,0,0,0,0,0,0,0,0,0,0,0
440000,1954,8.0962381,0,6.8070183,8.0351429,6.2692666,1,0,0,0,0,0,0,0,0,0,0,0,0,0,0,0,0,0,0,0,0,0,0,0,0,0,0,0,0
440000,1955,8.1578884,0,6.6293054,8.0553322,6.2960958,0,1,0,0,0,0,0,0,0,0,0,0,0,0,0,0,0,0,0,0,0,0,0,0,0,0,0,0,0
440000,1956,7.8962069,0,6.9815125,8.0753336,6.3111176,0,0,1,0,0,0,0,0,0,0,0,0,0,0,0,0,0,0,0,0,0,0,0,0,0,0,0,0,0
440000,1957,8.0155725,0,6.7530751,8.1022196,6.3921347,0,0,0,1,0,0,0,0,0,0,0,0,0,0,0,0,0,0,0,0,0,0,0,0,0,0,0,0,0
440000,1958,8.2275534,6.9232111,0,8.1231928,6.4150152,0,0,0,0,1,0,0,0,0,0,0,0,0,0,0,0,0,0,0,0,0,0,0,0,0,0,0,0,0
440000,1959,8.5626564,6.842947,0,8.1413183,6.4948273,0,0,0,0,0,1,0,0,0,0,0,0,0,0,0,0,0,0,0,0,0,0,0,0,0,0,0,0,0
440000,1960,8.2311335,6.7655005,0,8.1523218,6.6247554,0,0,0,0,0,0,1,0,0,0,0,0,0,0,0,0,0,0,0,0,0,0,0,0,0,0,0,0,0
440000,1961,8.0981731,0,6.8355646,8.1579237,6.5521655,0,0,0,0,0,0,0,1,0,0,0,0,0,0,0,0,0,0,0,0,0,0,0,0,0,0,0,0,0
440000,1962,7.910018,0,6.9516301,8.1818266,6.4899039,0,0,0,0,0,0,0,0,1,0,0,0,0,0,0,0,0,0,0,0,0,0,0,0,0,0,0,0,0
440000,1963,8.01933,0,6.9538321,8.2080727,6.4982672,0,0,0,0,0,0,0,0,0,1,0,0,0,0,0,0,0,0,0,0,0,0,0,0,0,0,0,0,0
440000,1964,7.8465891,0,7.0734286,8.2307825,6.4947667,0,0,0,0,0,0,0,0,0,0,1,0,0,0,0,0,0,0,0,0,0,0,0,0,0,0,0,0,0
440000,1965,7.8057184,0,7.1286263,8.2598486,6.522078,0,0,0,0,0,0,0,0,0,0,0,1,0,0,0,0,0,0,0,0,0,0,0,0,0,0,0,0,0
440000,1966,7.7519197,0,7.1493349,8.286355,6.5353136,0,0,0,0,0,0,0,0,0,0,0,0,1,0,0,0,0,0,0,0,0,0,0,0,0,0,0,0,0
440000,1967,7.8699942,0,7.0295401,8.3116045,6.5412321,0,0,0,0,0,0,0,0,0,0,0,0,0,1,0,0,0,0,0,0,0,0,0,0,0,0,0,0,0
440000,1968,7.7973347,0,7.0682192,8.3403387,6.5532207,0,0,0,0,0,0,0,0,0,0,0,0,0,0,1,0,0,0,0,0,0,0,0,0,0,0,0,0,0
440000,1969,7.8332815,0,7.2153916,8.3643103,6.5555844,0,0,0,0,0,0,0,0,0,0,0,0,0,0,0,1,0,0,0,0,0,0,0,0,0,0,0,0,0
440000,1970,7.7983212,0,7.1981273,8.3853083,6.5411019,0,0,0,0,0,0,0,0,0,0,0,0,0,0,0,0,1,0,0,0,0,0,0,0,0,0,0,0,0
440000,1971,7.90446,0,7.2043939,8.4102983,6.5709529,0,0,0,0,0,0,0,0,0,0,0,0,0,0,0,0,0,1,0,0,0,0,0,0,0,0,0,0,0
440000,1972,7.9172854,0,7.2629008,8.4314499,6.5972548,0,0,0,0,0,0,0,0,0,0,0,0,0,0,0,0,0,0,1,0,0,0,0,0,0,0,0,0,0
440000,1973,8.003417,0,7.3411117,8.4544029,6.6163197,0,0,0,0,0,0,0,0,0,0,0,0,0,0,0,0,0,0,0,1,0,0,0,0,0,0,0,0,0
440000,1974,7.9780312,0,7.374939,8.4723272,6.6224704,0,0,0,0,0,0,0,0,0,0,0,0,0,0,0,0,0,0,0,0,1,0,0,0,0,0,0,0,0
440000,1975,8.0280313,0,7.3865709,8.4884806,6.6331081,0,0,0,0,0,0,0,0,0,0,0,0,0,0,0,0,0,0,0,0,0,1,0,0,0,0,0,0,0
440000,1976,7.9923,0,7.3556099,8.5014601,6.6499686,0,0,0,0,0,0,0,0,0,0,0,0,0,0,0,0,0,0,0,0,0,0,1,0,0,0,0,0,0
440000,1977,7.9054909,0,7.1731534,8.5142975,6.6631584,0,0,0,0,0,0,0,0,0,0,0,0,0,0,0,0,0,0,0,0,0,0,0,1,0,0,0,0,0
440000,1978,7.9519072,0,7.4988084,8.5299416,6.7132354,0,0,0,0,0,0,0,0,0,0,0,0,0,0,0,0,0,0,0,0,0,0,0,0,1,0,0,0,0
440000,1979,7.9434257,0,7.4710269,8.5449057,8.3598003,0,0,0,0,0,0,0,0,0,0,0,0,0,0,0,0,0,0,0,0,0,0,0,0,0,1,0,0,0
440000,1980,7.9783244,0,7.4152761,8.5617208,6.8131261,0,0,0,0,0,0,0,0,0,0,0,0,0,0,0,0,0,0,0,0,0,0,0,0,0,0,1,0,0
440000,1981,8.0556374,0,7.3861561,8.5798864,6.8486738,0,0,0,0,0,0,0,0,0,0,0,0,0,0,0,0,0,0,0,0,0,0,0,0,0,0,0,1,0
440000,1982,8.1381216,0,7.4363494,8.5969868,6.8787694,0,0,0,0,0,0,0,0,0,0,0,0,0,0,0,0,0,0,0,0,0,0,0,0,0,0,0,0,1
610000,1953,7.4833093,0,5.9859037,7.3870902,5.3844953,0,0,0,0,0,0,0,0,0,0,0,0,0,0,0,0,0,0,0,0,0,0,0,0,0,0,0,0,0
610000,1954,7.461729,0,5.7934947,7.4091363,5.433722,1,0,0,0,0,0,0,0,0,0,0,0,0,0,0,0,0,0,0,0,0,0,0,0,0,0,0,0,0
610000,1955,7.4326377,0,5.9574375,7.447751,5.4722705,0,1,0,0,0,0,0,0,0,0,0,0,0,0,0,0,0,0,0,0,0,0,0,0,0,0,0,0,0
610000,1956,7.5013232,0,5.8787284,7.4707937,5.5174527,0,0,1,0,0,0,0,0,0,0,0,0,0,0,0,0,0,0,0,0,0,0,0,0,0,0,0,0,0
610000,1957,7.5934262,0,5.9450111,7.4972072,5.5529594,0,0,0,1,0,0,0,0,0,0,0,0,0,0,0,0,0,0,0,0,0,0,0,0,0,0,0,0,0
610000,1958,7.7537541,6.0404491,0,7.5131636,5.5373344,0,0,0,0,1,0,0,0,0,0,0,0,0,0,0,0,0,0,0,0,0,0,0,0,0,0,0,0,0
610000,1959,7.7441311,5.7271142,0,7.5395589,5.7397928,0,0,0,0,0,1,0,0,0,0,0,0,0,0,0,0,0,0,0,0,0,0,0,0,0,0,0,0,0
610000,1960,7.440114,6.0348086,0,7.5725031,5.894403,0,0,0,0,0,0,1,0,0,0,0,0,0,0,0,0,0,0,0,0,0,0,0,0,0,0,0,0,0
610000,1961,7.5180721,0,5.9858503,7.5852809,5.6903596,0,0,0,0,0,0,0,1,0,0,0,0,0,0,0,0,0,0,0,0,0,0,0,0,0,0,0,0,0
610000,1962,7.6584353,0,6.0025287,7.6048946,5.5490761,0,0,0,0,0,0,0,0,1,0,0,0,0,0,0,0,0,0,0,0,0,0,0,0,0,0,0,0,0
610000,1963,8.0732031,0,6.0438485,7.6285176,5.5759492,0,0,0,0,0,0,0,0,0,1,0,0,0,0,0,0,0,0,0,0,0,0,0,0,0,0,0,0,0
610000,1964,7.9128261,0,6.1409059,7.6496925,5.6058021,0,0,0,0,0,0,0,0,0,0,1,0,0,0,0,0,0,0,0,0,0,0,0,0,0,0,0,0,0
610000,1965,7.9258456,0,6.2826018,7.6704288,5.655992,0,0,0,0,0,0,0,0,0,0,0,1,0,0,0,0,0,0,0,0,0,0,0,0,0,0,0,0,0
610000,1966,7.9214139,0,6.2815671,7.6934814,5.6903596,0,0,0,0,0,0,0,0,0,0,0,0,1,0,0,0,0,0,0,0,0,0,0,0,0,0,0,0,0
610000,1967,7.923842,0,6.1258678,7.7160153,5.7333412,0,0,0,0,0,0,0,0,0,0,0,0,0,1,0,0,0,0,0,0,0,0,0,0,0,0,0,0,0
610000,1968,7.9031549,0,6.2208681,7.7384882,5.768321,0,0,0,0,0,0,0,0,0,0,0,0,0,0,1,0,0,0,0,0,0,0,0,0,0,0,0,0,0
610000,1969,7.3756566,0,6.0863638,7.7613192,5.8051348,0,0,0,0,0,0,0,0,0,0,0,0,0,0,0,1,0,0,0,0,0,0,0,0,0,0,0,0,0
610000,1970,7.4607482,0,6.2258558,7.7948232,5.8021183,0,0,0,0,0,0,0,0,0,0,0,0,0,0,0,0,1,0,0,0,0,0,0,0,0,0,0,0,0
610000,1971,7.6405172,0,6.1892095,7.8208408,5.8998976,0,0,0,0,0,0,0,0,0,0,0,0,0,0,0,0,0,1,0,0,0,0,0,0,0,0,0,0,0
610000,1972,7.5788431,0,6.3358059,7.8454161,5.9322453,0,0,0,0,0,0,0,0,0,0,0,0,0,0,0,0,0,0,1,0,0,0,0,0,0,0,0,0,0
610000,1973,7.6031399,0,6.5030313,7.8671055,5.9506426,0,0,0,0,0,0,0,0,0,0,0,0,0,0,0,0,0,0,0,1,0,0,0,0,0,0,0,0,0
610000,1974,7.6808591,0,6.4167485,7.8842001,5.9532433,0,0,0,0,0,0,0,0,0,0,0,0,0,0,0,0,0,0,0,0,1,0,0,0,0,0,0,0,0
610000,1975,7.6686263,0,6.375916,7.8980398,5.9584246,0,0,0,0,0,0,0,0,0,0,0,0,0,0,0,0,0,0,0,0,0,1,0,0,0,0,0,0,0
610000,1976,7.6107163,0,6.4902291,7.909122,5.9584246,0,0,0,0,0,0,0,0,0,0,0,0,0,0,0,0,0,0,0,0,0,0,1,0,0,0,0,0,0
610000,1977,7.5515504,0,6.4717216,7.9197197,5.9763508,0,0,0,0,0,0,0,0,0,0,0,0,0,0,0,0,0,0,0,0,0,0,0,1,0,0,0,0,0
610000,1978,7.552969,0,6.4596353,7.9298463,6.0112672,0,0,0,0,0,0,0,0,0,0,0,0,0,0,0,0,0,0,0,0,0,0,0,0,1,0,0,0,0
610000,1979,7.5789018,0,6.5696535,7.9398718,6.0544395,0,0,0,0,0,0,0,0,0,0,0,0,0,0,0,0,0,0,0,0,0,0,0,0,0,1,0,0,0
610000,1980,7.5597773,0,6.4508643,7.9483852,6.089045,0,0,0,0,0,0,0,0,0,0,0,0,0,0,0,0,0,0,0,0,0,0,0,0,0,0,1,0,0
610000,1981,7.5553584,0,6.5387368,7.9603238,6.1290503,0,0,0,0,0,0,0,0,0,0,0,0,0,0,0,0,0,0,0,0,0,0,0,0,0,0,0,1,0
610000,1982,7.5461335,0,6.4562974,7.9738445,6.1548581,0,0,0,0,0,0,0,0,0,0,0,0,0,0,0,0,0,0,0,0,0,0,0,0,0,0,0,0,1
